vibration,temp_palier,debit,pression_entree,pression_sortie,courant_moteur,temp_moteur,heure_fonctionnement,_thd,fault,load,zone,y_fault
14.16079975818077,44.837,0.395,1.987,107.73,20.483717180345934,60.85852983264111,1103.0,0.06841539776183297,bearing bpfi 1,100,ROL,1
14.578031401883743,44.837,0.395,1.987,107.73,20.301527441846407,59.47381520096804,1103.0,0.06875569661568852,bearing bpfi 1,100,ROL,1
14.24532958380544,44.837,0.395,1.987,107.73,20.319233647175317,60.07059340027415,1103.0,0.07236810478981509,bearing bpfi 1,100,ROL,1
15.247461213079184,44.837,0.395,1.987,107.73,20.294229714275538,60.91971686866341,1103.0,0.0626640613684052,bearing bpfi 1,100,ROL,1
14.646324327411682,44.837,0.395,1.987,107.73,20.24356130652215,60.103186647072015,1103.0,0.059848843313346826,bearing bpfi 1,100,ROL,1
14.903810799771895,44.837,0.395,1.987,107.73,20.246543175184943,59.138718933186844,1103.0,0.0728849970348203,bearing bpfi 1,100,ROL,1
14.663040302626518,44.837,0.395,1.987,107.73,20.239491310486464,60.87669743683267,1103.0,0.06692760533343597,bearing bpfi 1,100,ROL,1
15.1271211150853,44.837,0.395,1.987,107.73,20.228820787709033,60.15830303823586,1103.0,0.0682075185504308,bearing bpfi 1,100,ROL,1
15.59133336873373,44.837,0.395,1.987,107.73,20.224981217633438,60.855994009926896,1103.0,0.07750428753564631,bearing bpfi 1,100,ROL,1
14.745964183387791,44.837,0.395,1.987,107.73,20.179293198364224,61.0871500798863,1103.0,0.060588295356258086,bearing bpfi 1,100,ROL,1
18.263474012538776,44.837,0.395,1.987,107.73,20.261084091996594,61.10460777958534,1103.0,0.0671955819263004,bearing bpfi 2,100,ROL,1
18.306108670613604,44.837,0.395,1.987,107.73,20.207989530733013,58.45584355460662,1103.0,0.07337896645386993,bearing bpfi 2,100,ROL,1
18.132196710654064,44.837,0.395,1.987,107.73,20.205152153641727,58.61682291823975,1103.0,0.07993280551233319,bearing bpfi 2,100,ROL,1
18.308930303504034,44.837,0.395,1.987,107.73,20.180712643422016,60.88660427228675,1103.0,0.06668384358067371,bearing bpfi 2,100,ROL,1
18.348838733573462,44.837,0.395,1.987,107.73,20.127640565049578,60.785805170697614,1103.0,0.05742354165709312,bearing bpfi 2,100,ROL,1
19.595838701447807,44.837,0.395,1.987,107.73,20.28191913864362,60.86145837847177,1103.0,0.05692255457736797,bearing bpfi 3,100,ROL,1
19.912764831697768,44.837,0.395,1.987,107.73,20.260100159268152,60.54755766441972,1103.0,0.06733045797835682,bearing bpfi 3,100,ROL,1
19.9483753436094,44.837,0.395,1.987,107.73,20.198721541920108,60.86871786516322,1103.0,0.06420305470952305,bearing bpfi 3,100,ROL,1
19.910834147699653,44.837,0.395,1.987,107.73,20.187476229661296,59.8455344322869,1103.0,0.061481276538835575,bearing bpfi 3,100,ROL,1
19.915462103293223,44.837,0.395,1.987,107.73,20.13112608699822,60.599357748495336,1103.0,0.060227266555048765,bearing bpfi 3,100,ROL,1
15.840548543130165,182.82577073647957,0.395,1.987,107.73,20.300838236598022,60.93919545488989,1103.0,0.06250304734514701,bearing bpfo 1,100,ROL,1
13.697315645470873,44.837,0.395,1.987,107.73,20.246958690559705,59.53445386539787,1103.0,0.06635173049806281,bearing bpfo 1,100,ROL,1
13.77361524281406,44.837,0.395,1.987,107.73,20.197508944876784,60.01919616948522,1103.0,0.063440169083187,bearing bpfo 1,100,ROL,1
13.999211620677041,44.837,0.395,1.987,107.73,20.210450474182334,61.16314653273722,1103.0,0.06683386385528224,bearing bpfo 1,100,ROL,1
14.793016421074167,44.837,0.395,1.987,107.73,20.30359871261315,60.816962209201876,1103.0,0.08258832509437006,bearing bpfo 2,100,ROL,1
14.67761436743556,44.837,0.395,1.987,107.73,20.242049562989095,58.905809840297145,1103.0,0.07334432604741734,bearing bpfo 2,100,ROL,1
15.03163279609531,44.837,0.395,1.987,107.73,20.272761501719142,60.44537088804025,1103.0,0.07820830851776002,bearing bpfo 2,100,ROL,1
14.7665921120739,44.837,0.395,1.987,107.73,20.241427957880926,60.806661429073756,1103.0,0.05995675160005894,bearing bpfo 2,100,ROL,1
14.671552286315672,44.837,0.395,1.987,107.73,20.273846373995507,60.20655983414717,1103.0,0.07245901242593462,bearing bpfo 2,100,ROL,1
14.91110436503446,44.837,0.395,1.987,107.73,20.190254139679947,60.54844020793201,1103.0,0.079331446016196,bearing bpfo 2,100,ROL,1
14.618436387670291,44.837,0.395,1.987,107.73,20.17499588958119,59.1154097571434,1103.0,0.06475082436030906,bearing bpfo 2,100,ROL,1
16.347091383637295,44.837,0.395,1.987,107.73,20.353319492579658,58.87416191615255,1103.0,0.0693082625373577,bearing bpfo 3,100,ROL,1
16.38620774250591,44.837,0.395,1.987,107.73,20.275937673123313,59.24312830236511,1103.0,0.0656457682620735,bearing bpfo 3,100,ROL,1
16.114660800633924,44.837,0.395,1.987,107.73,20.272463053136715,59.41575515132379,1103.0,0.07075062780868523,bearing bpfo 3,100,ROL,1
16.108056985813548,44.837,0.395,1.987,107.73,20.305841918024612,60.50236422806364,1103.0,0.07935034965667633,bearing bpfo 3,100,ROL,1
16.15989931608685,44.837,0.395,1.987,107.73,20.257453238822844,60.86995968521822,1103.0,0.07336676744922026,bearing bpfo 3,100,ROL,1
16.006536503115633,44.837,0.395,1.987,107.73,20.20659246441959,60.1966357433913,1103.0,0.07032736085258934,bearing bpfo 3,100,ROL,1
16.054802883169778,44.837,0.395,1.987,107.73,20.27509253616379,60.83777673748187,1103.0,0.08005966509182648,bearing bpfo 3,100,ROL,1
20.165591527624436,44.837,0.395,1.987,107.73,20.316208462422004,58.958017432971275,1103.0,0.059567221554375306,bearing bsf,100,ROL,1
20.209827113008664,44.837,0.395,1.987,107.73,20.253890502295253,59.801177777810175,1103.0,0.05831048209279224,bearing bsf,100,ROL,1
20.314136647773452,44.837,0.395,1.987,107.73,20.188102842328295,59.712730896514024,1103.0,0.053624205562490916,bearing bsf,100,ROL,1
20.23712893153164,44.837,0.395,1.987,107.73,20.20636412389115,59.26768259606932,1103.0,0.05984257410280632,bearing bsf,100,ROL,1
20.50596124581174,44.837,0.395,1.987,107.73,20.20065554064476,59.18692393807128,1103.0,0.06785915020706823,bearing bsf,100,ROL,1
17.125413777411236,44.837,0.395,1.987,107.73,20.140056020207606,58.83621973046658,1103.0,0.06956683962304745,bearing contaminated,100,ROL,1
17.13500591358494,44.837,0.395,1.987,107.73,20.129760426456937,60.21415437691252,1103.0,0.05971930897224316,bearing contaminated,100,ROL,1
17.170035319190053,44.837,0.395,1.987,107.73,20.160787533266042,60.51946029384224,1103.0,0.07669176277763079,bearing contaminated,100,ROL,1
17.20313080034979,44.837,0.395,1.987,107.73,20.10027066438444,60.94153849931885,1103.0,0.0720037642195308,bearing contaminated,100,ROL,1
16.898466268059295,44.837,0.395,1.987,107.73,20.083986173939532,60.625840664690486,1103.0,0.05631403287252476,bearing contaminated,100,ROL,1
16.783460525652487,44.837,0.395,1.987,107.73,20.111064554772458,60.56228050028033,1103.0,0.07487522142305986,bearing contaminated,100,ROL,1
14.135491869027263,44.837,0.395,1.987,107.73,20.452282260204957,59.599009842332094,1103.0,0.06795109440090588,bearing pump 1,100,ROL,1
14.070398114400271,44.837,0.395,1.987,107.73,20.408916531605456,58.726071094181584,1103.0,0.060684186640158636,bearing pump 1,100,ROL,1
14.774997020854654,44.837,0.395,1.987,107.73,20.392383129067397,60.88587553489426,1103.0,0.06591304890641624,bearing pump 1,100,ROL,1
14.187903257008461,44.837,0.395,1.987,107.73,20.3677835611243,58.327863480664504,1103.0,0.08249138965962802,bearing pump 1,100,ROL,1
14.109553514847686,44.837,0.395,1.987,107.73,20.327400016219126,59.51105260570948,1103.0,0.0758950337508214,bearing pump 1,100,ROL,1
17.227334286308444,44.837,0.395,1.987,107.73,20.31534282464156,60.52781866803998,1103.0,0.06585509089710366,bearing pump 2,100,ROL,1
17.132352778916005,44.837,0.395,1.987,107.73,20.325635585902518,60.67797048212728,1103.0,0.07633055975494882,bearing pump 2,100,ROL,1
16.883226413883545,44.837,0.395,1.987,107.73,20.275588578539935,60.28622084039458,1103.0,0.07557169824793049,bearing pump 2,100,ROL,1
17.148055592998766,44.837,0.395,1.987,107.73,20.22510950578542,58.624064567276804,1103.0,0.066724388210432,bearing pump 2,100,ROL,1
16.729140485169307,44.837,0.395,1.987,107.73,20.258894199678956,60.68540738632274,1103.0,0.07147025110833162,bearing pump 2,100,ROL,1
11.327309962059404,45.629843329862524,0.395,1.987,107.73,20.33232646600967,59.90562743658855,1103.0,0.06479821236138754,bearing pump 3,100,ROL,1
14.57866511834452,44.837,0.395,1.987,107.73,20.38204995127322,59.719297656036936,1103.0,0.06155067477308388,bearing pump 3,100,ROL,1
14.697390887842097,44.837,0.395,1.987,107.73,20.34575110092877,59.35292978493041,1103.0,0.06075249388700758,bearing pump 3,100,ROL,1
14.792901689537024,44.837,0.395,1.987,107.73,20.49020518771126,58.92025147226807,1103.0,0.0626539885943615,bearing pump 3,100,ROL,1
14.866956547523385,44.837,0.395,1.987,107.73,20.326821750115815,58.89236971314061,1103.0,0.06333551358400469,bearing pump 3,100,ROL,1
25.58466640941596,44.837,0.395,1.987,107.73,20.16840442636246,60.17215307055577,1103.0,0.06139169444542981,broken rotor bar,100,MOT,1
25.78834455357091,44.837,0.395,1.987,107.73,20.22983831369997,61.94645973338067,1103.0,0.055817597637386876,broken rotor bar,100,MOT,1
25.57215485494566,44.837,0.395,1.987,107.73,20.227020589772494,61.96317494598453,1103.0,0.05912036819486874,broken rotor bar,100,MOT,1
25.60320757585753,44.837,0.395,1.987,107.73,20.192236451456967,60.08936922520149,1103.0,0.05487884403096867,broken rotor bar,100,MOT,1
25.580035264115384,44.837,0.395,1.987,107.73,20.219504617037515,61.459056150085004,1103.0,0.07507292201342898,broken rotor bar,100,MOT,1
12.74083747841344,44.837,0.395,1.987,107.73,19.892823813622364,65.18020320409028,1103.0,0.0879570347370869,healthy 1,100,NORMAL,0
11.7223997837471,44.837,0.395,1.987,107.73,20.080608022622304,64.90502740622689,1103.0,0.09201499069924843,healthy 1,100,NORMAL,0
12.367932206570382,44.837,0.395,1.987,107.73,20.282845819709163,64.32528408056768,1103.0,0.1035759917510123,healthy 1,100,NORMAL,0
12.539751297826646,44.837,0.395,1.987,107.73,20.286596069305013,65.19947118338509,1103.0,0.10908005355755065,healthy 1,100,NORMAL,0
12.102872220873733,44.837,0.395,1.987,107.73,20.25496598971294,63.56887461020849,1103.0,0.08989163285040257,healthy 1,100,NORMAL,0
12.952546017217731,44.837,0.395,1.987,107.73,20.254381911359392,63.45287048374445,1103.0,0.08696521585960146,healthy 1,100,NORMAL,0
12.437005931877804,44.837,0.395,1.987,107.73,20.257409631043455,63.73534222434576,1103.0,0.08507180643833284,healthy 1,100,NORMAL,0
12.599234614688289,44.837,0.395,1.987,107.73,20.2361271688008,63.682775398747495,1103.0,0.09826791024504385,healthy 1,100,NORMAL,0
12.394075762412955,44.837,0.395,1.987,107.73,20.226079848735083,63.1436633055944,1103.0,0.08883290834417218,healthy 1,100,NORMAL,0
12.610962619388385,44.837,0.395,1.987,107.73,20.29046429603768,64.4486396313075,1103.0,0.09970924092744697,healthy 1,100,NORMAL,0
12.488363214638058,44.837,0.395,1.987,107.73,20.166107578227543,63.70382205030169,1103.0,0.08605674882880114,healthy 1,100,NORMAL,0
12.362449375691568,44.837,0.395,1.987,107.73,20.21473606376461,65.04557714958356,1103.0,0.10630782023718914,healthy 1,100,NORMAL,0
12.207343908949492,44.837,0.395,1.987,107.73,20.180827000814173,63.11081950871771,1103.0,0.08906920258295392,healthy 1,100,NORMAL,0
12.176900246419505,44.837,0.395,1.987,107.73,20.213354806620387,65.05798019615061,1103.0,0.10890426499370748,healthy 1,100,NORMAL,0
12.927376469376902,44.837,0.395,1.987,107.73,20.25868687175274,63.095076822458594,1103.0,0.11112256333069088,healthy 1,100,NORMAL,0
13.13830768287642,44.837,0.395,1.987,107.73,20.352326957622264,65.07183110480854,1103.0,0.09717127812989414,healthy 1,100,NORMAL,0
12.29233624027407,44.837,0.395,1.987,107.73,20.308164003098323,62.77342324533576,1103.0,0.10560562035587413,healthy 1,100,NORMAL,0
12.435701936661228,44.837,0.395,1.987,107.73,20.26161268070517,63.664251048805774,1103.0,0.08332621432261547,healthy 1,100,NORMAL,0
13.050188933546174,44.837,0.395,1.987,107.73,20.334988005979866,64.41896355738986,1103.0,0.10525678714897359,healthy 1,100,NORMAL,0
13.147828142988645,44.837,0.395,1.987,107.73,20.27773631526099,64.9822623302259,1103.0,0.10380706468423903,healthy 1,100,NORMAL,0
12.483784428945425,44.837,0.395,1.987,107.73,20.205838362759266,64.03143897032348,1103.0,0.07789766883639941,healthy 1,100,NORMAL,0
12.321071768070464,44.837,0.395,1.987,107.73,20.20761211053218,63.71062129600573,1103.0,0.07836246055539911,healthy 1,100,NORMAL,0
12.314917624361936,44.837,0.395,1.987,107.73,20.219040451503272,64.53518344975231,1103.0,0.0947566651543985,healthy 1,100,NORMAL,0
13.24732646658596,44.837,0.395,1.987,107.73,20.25331469593703,63.936963531192326,1103.0,0.07655895760102363,healthy 1,100,NORMAL,0
13.24046342642836,44.837,0.395,1.987,107.73,20.25020392388171,64.03173208644434,1103.0,0.08758502567712485,healthy 1,100,NORMAL,0
13.476869856553916,44.837,0.395,1.987,107.73,20.1668383670569,64.61377501085414,1103.0,0.07885718576763247,healthy 1,100,NORMAL,0
12.382211927890873,44.837,0.395,1.987,107.73,20.23270466857879,65.44266019286707,1103.0,0.09207821321077442,healthy 1,100,NORMAL,0
12.365267135679385,44.837,0.395,1.987,107.73,20.206295230766365,63.77551521617227,1103.0,0.09992874511436113,healthy 1,100,NORMAL,0
12.490766377627425,44.837,0.395,1.987,107.73,20.17311240121729,63.651530186009204,1103.0,0.10109631545541575,healthy 1,100,NORMAL,0
12.722620976749342,44.837,0.395,1.987,107.73,20.186430001062767,65.15563581482179,1103.0,0.09221755801030089,healthy 1,100,NORMAL,0
14.095525857214186,44.837,0.395,1.987,107.73,20.137766901364063,65.10162717316587,1103.0,0.0856476962857426,healthy 1,100,NORMAL,0
13.489124734624589,44.837,0.395,1.987,107.73,20.12075464158245,63.732669317319775,1103.0,0.07689058256838366,healthy 1,100,NORMAL,0
13.734907469912349,44.837,0.395,1.987,107.73,20.219313828205628,65.18605364377493,1103.0,0.09703285736292028,healthy 1,100,NORMAL,0
13.092196136425347,44.837,0.395,1.987,107.73,20.13178283186271,63.813430286052984,1103.0,0.08098020415884637,healthy 1,100,NORMAL,0
13.09107404920037,44.837,0.395,1.987,107.73,20.196877358760474,64.5937660836396,1103.0,0.09290131518714267,healthy 1,100,NORMAL,0
13.336572095033493,44.837,0.395,1.987,107.73,20.162812969578766,64.67948902560116,1103.0,0.10041991915268351,healthy 1,100,NORMAL,0
18.690588303315415,44.837,0.395,1.987,107.73,20.23121299330492,67.29107379766877,1103.0,0.11579678855991198,healthy 2,100,NORMAL,0
19.08831099934346,44.837,0.395,1.987,107.73,20.171430140505418,64.02103784339717,1103.0,0.0982327020266171,healthy 2,100,NORMAL,0
18.809258164259465,44.837,0.395,1.987,107.73,20.154299938258955,66.50985637335371,1103.0,0.10092832041182113,healthy 2,100,NORMAL,0
19.06756824684113,44.837,0.395,1.987,107.73,20.174927666539276,65.82975441965712,1103.0,0.10713079467516419,healthy 2,100,NORMAL,0
19.923862493719298,44.837,0.395,1.987,107.73,20.13944549664168,64.52781544499287,1103.0,0.10114944313879466,healthy 2,100,NORMAL,0
19.348867577505754,44.837,0.395,1.987,107.73,20.16867551401631,64.40918590951162,1103.0,0.13348282520942942,healthy 2,100,NORMAL,0
18.82455006925446,44.837,0.395,1.987,107.73,20.16034936026735,65.92031289732184,1103.0,0.1277298413599247,healthy 2,100,NORMAL,0
19.68636503309984,44.837,0.395,1.987,107.73,20.168345478649073,65.56272504276963,1103.0,0.127990695761233,healthy 2,100,NORMAL,0
18.966906214368617,44.837,0.395,1.987,107.73,20.110310882305395,66.84710106858304,1103.0,0.10697822447294363,healthy 2,100,NORMAL,0
18.693623846570194,44.837,0.395,1.987,107.73,20.1824333583511,62.04747173084005,1103.0,0.1352953514453115,healthy 2,100,NORMAL,0
19.823685991855232,44.837,0.395,1.987,107.73,20.11408849763095,64.10321942104775,1103.0,0.10449760921809678,healthy 2,100,NORMAL,0
18.737224261781183,44.837,0.395,1.987,107.73,20.123703432629828,63.14670212421813,1103.0,0.12243639152758659,healthy 2,100,NORMAL,0
18.651841966002213,44.837,0.395,1.987,107.73,20.10537219585257,62.06942144609922,1103.0,0.1280938897647884,healthy 2,100,NORMAL,0
19.34872125513808,44.837,0.395,1.987,107.73,20.11249603232873,64.41968742051988,1103.0,0.12866615899553435,healthy 2,100,NORMAL,0
18.59838972879023,44.837,0.395,1.987,107.73,20.08853141686,65.22314311010646,1103.0,0.12891865518484663,healthy 2,100,NORMAL,0
19.26494017571512,44.837,0.395,1.987,107.73,20.08244866320302,64.4760725367567,1103.0,0.1107651773995569,healthy 2,100,NORMAL,0
19.512078875716334,44.837,0.395,1.987,107.73,20.02128652880917,63.14274376502469,1103.0,0.09960991856265783,healthy 2,100,NORMAL,0
19.45342864326625,44.837,0.395,1.987,107.73,20.06941402940903,66.33806790849202,1103.0,0.102314680652396,healthy 2,100,NORMAL,0
19.657104600996774,44.837,0.395,1.987,107.73,20.04327215812078,66.95818419213501,1103.0,0.1016186772128911,healthy 2,100,NORMAL,0
19.356885394792567,44.837,0.395,1.987,107.73,20.04016516162984,63.61581709579066,1103.0,0.10394417683158452,healthy 2,100,NORMAL,0
20.04246566417425,44.837,0.395,1.987,107.73,20.042472242887868,66.57054032020999,1103.0,0.099285750723272,healthy 2,100,NORMAL,0
20.26485484260767,44.837,0.395,1.987,107.73,20.082126558677032,66.45855259009939,1103.0,0.10272570848891839,healthy 2,100,NORMAL,0
19.993106730525138,44.837,0.395,1.987,107.73,20.042940787277768,63.34434110036744,1103.0,0.10573218675685045,healthy 2,100,NORMAL,0
20.391097316309217,44.837,0.395,1.987,107.73,20.06806960954739,65.07900635052384,1103.0,0.12971016555200088,healthy 2,100,NORMAL,0
19.80438365387284,44.837,0.395,1.987,107.73,20.050306260853354,65.60620716488398,1103.0,0.1267406135933063,healthy 2,100,NORMAL,0
19.201958954476073,44.837,0.395,1.987,107.73,20.057194106187016,65.61613450957334,1103.0,0.1258596069510105,healthy 2,100,NORMAL,0
19.776085447182005,44.837,0.395,1.987,107.73,20.015986800602548,63.58077640748227,1103.0,0.09923854808675982,healthy 2,100,NORMAL,0
19.151237017409255,44.837,0.395,1.987,107.73,20.033709666114525,64.04234729208441,1103.0,0.10489160530849259,healthy 2,100,NORMAL,0
18.836476496140328,44.837,0.395,1.987,107.73,20.02128241830862,64.31303115699652,1103.0,0.10202938079793816,healthy 2,100,NORMAL,0
20.204559105988263,44.837,0.395,1.987,107.73,20.040434599805565,66.45210018045046,1103.0,0.11003802711254257,healthy 2,100,NORMAL,0
18.495875550717358,44.837,0.395,1.987,107.73,20.212725005468027,65.69604426518,1103.0,0.11391954110643115,healthy 3,100,NORMAL,0
18.832370538439704,44.837,0.395,1.987,107.73,20.183477414670623,66.24432922082407,1103.0,0.1255827013366606,healthy 3,100,NORMAL,0
19.08592906206972,44.837,0.395,1.987,107.73,20.140629417548073,68.5661056329005,1103.0,0.1026450573405718,healthy 3,100,NORMAL,0
18.671967902623123,44.837,0.395,1.987,107.73,20.14308353688622,67.47717457963337,1103.0,0.11225554774356666,healthy 3,100,NORMAL,0
18.486531184531724,44.837,0.395,1.987,107.73,20.120293046752533,64.71692783853442,1103.0,0.13166340766487125,healthy 3,100,NORMAL,0
18.5326463051601,44.837,0.395,1.987,107.73,20.129749876231863,68.31096899239586,1103.0,0.11339079939221279,healthy 3,100,NORMAL,0
18.71339250464982,44.837,0.395,1.987,107.73,20.08261911984666,65.46144366184046,1103.0,0.09924625577225087,healthy 3,100,NORMAL,0
17.9953395285611,44.837,0.395,1.987,107.73,20.11758241516707,65.09738942989608,1103.0,0.09532876254333565,healthy 3,100,NORMAL,0
18.333194178133386,44.837,0.395,1.987,107.73,20.08442397626066,66.51129789550218,1103.0,0.12893301161690493,healthy 3,100,NORMAL,0
17.986400118742903,44.837,0.395,1.987,107.73,20.135379223117415,67.1874523485665,1103.0,0.12517284832960787,healthy 3,100,NORMAL,0
18.133742685652464,44.837,0.395,1.987,107.73,20.088423363991225,68.02099689307063,1103.0,0.10420762829158767,healthy 3,100,NORMAL,0
18.09924067320145,44.837,0.395,1.987,107.73,20.095164168588845,64.58973705691068,1103.0,0.12421378576585038,healthy 3,100,NORMAL,0
17.989593861984808,44.837,0.395,1.987,107.73,20.059488955769698,68.12482239238099,1103.0,0.10078645878066576,healthy 3,100,NORMAL,0
18.197872472816663,44.837,0.395,1.987,107.73,20.11954654023998,67.63209193454666,1103.0,0.12592360021469232,healthy 3,100,NORMAL,0
17.5524580702113,44.837,0.395,1.987,107.73,20.076380010564847,64.72622874900577,1103.0,0.12208429939037284,healthy 3,100,NORMAL,0
17.99827825894783,44.837,0.395,1.987,107.73,20.04685722840345,67.69983822600912,1103.0,0.1070203340250444,healthy 3,100,NORMAL,0
17.574204106584798,44.837,0.395,1.987,107.73,20.112677647118442,65.7339201580901,1103.0,0.10316680773719428,healthy 3,100,NORMAL,0
17.569686399968393,44.837,0.395,1.987,107.73,20.045823606377557,67.90850935084715,1103.0,0.10302793635262417,healthy 3,100,NORMAL,0
17.929691377333082,44.837,0.395,1.987,107.73,20.05179565907337,65.93541976548023,1103.0,0.1217657905615421,healthy 3,100,NORMAL,0
17.396002602767357,44.837,0.395,1.987,107.73,20.058349074771066,65.56999101472495,1103.0,0.09663709405892965,healthy 3,100,NORMAL,0
18.102900762268664,44.837,0.395,1.987,107.73,19.968597055938716,66.84120206704532,1103.0,0.0939714408779503,healthy 3,100,NORMAL,0
17.36657986122703,44.837,0.395,1.987,107.73,19.62579637630208,65.79551236372288,1103.0,0.116394318317586,healthy 3,100,NORMAL,0
17.501963112358958,44.837,0.395,1.987,107.73,19.34165522826745,64.87849102163838,1103.0,0.09292521427717734,healthy 3,100,NORMAL,0
17.709712721269977,44.837,0.395,1.987,107.73,19.37411819090071,65.65478123993466,1103.0,0.11279245959404764,healthy 3,100,NORMAL,0
17.17488417855483,44.837,0.395,1.987,107.73,19.371208198346128,68.66158454927242,1103.0,0.11931396872376387,healthy 3,100,NORMAL,0
17.006645258064125,44.837,0.395,1.987,107.73,19.409437378763457,67.28926874819969,1103.0,0.11436528753279457,healthy 3,100,NORMAL,0
17.012710680437444,44.837,0.395,1.987,107.73,19.36993936121363,67.20580823631686,1103.0,0.09538759051123566,healthy 3,100,NORMAL,0
17.68269108878872,44.837,0.395,1.987,107.73,19.352883817190385,68.44081126483213,1103.0,0.12166378707201504,healthy 3,100,NORMAL,0
17.43362818441636,44.837,0.395,1.987,107.73,19.363113850016685,64.80353904709544,1103.0,0.10559313320759556,healthy 3,100,NORMAL,0
18.08805882768575,44.837,0.395,1.987,107.73,20.290785824745214,61.26725149468966,1103.0,0.07873421080177642,healthy noise,100,NORMAL,0
18.172845448974268,44.837,0.395,1.987,107.73,20.19082922027713,59.43115940285561,1103.0,0.07754785637684893,healthy noise,100,NORMAL,0
18.104376500484896,44.837,0.395,1.987,107.73,20.223933598084404,61.110560464393245,1103.0,0.07421983369292932,healthy noise,100,NORMAL,0
17.90416012603349,44.837,0.395,1.987,107.73,20.248487603690837,59.52893514500345,1103.0,0.07067299105831082,healthy noise,100,NORMAL,0
17.858578247401923,44.837,0.395,1.987,107.73,20.16395159152166,59.5476198904831,1103.0,0.061673799686071,healthy noise,100,NORMAL,0
12.590419944836214,44.837,0.395,1.987,107.73,19.805979650397354,59.32723634213485,1103.0,0.0651017707922466,impeller 1,100,IMP,1
13.839301412465286,44.837,0.395,1.987,107.73,19.836050471732012,59.75765850819065,1103.0,0.07643115423905196,impeller 1,100,IMP,1
13.753301481787163,44.837,0.395,1.987,107.73,19.790588214931873,58.97354792206009,1103.0,0.06071261971522382,impeller 1,100,IMP,1
12.133036391346678,44.837,0.395,1.987,107.73,19.47677371972898,60.08453397432335,1103.0,0.08182219027341614,impeller 2,100,IMP,1
12.521520962152174,44.837,0.395,1.987,107.73,19.43064335476921,60.607699961973495,1103.0,0.0661921986570561,impeller 2,100,IMP,1
12.32044165271631,44.837,0.395,1.987,107.73,19.440648308349765,59.94090222636638,1103.0,0.08296481978446733,impeller 2,100,IMP,1
11.645786214281008,44.837,0.395,1.987,107.73,19.073898542814185,61.34445246365838,1103.0,0.07526784012641498,impeller 3,100,IMP,1
11.812926535194674,44.837,0.395,1.987,107.73,19.013773850681698,61.33796139459839,1103.0,0.0722167033908621,impeller 3,100,IMP,1
11.571808505687565,44.837,0.395,1.987,107.73,18.98337982631742,61.44290559696281,1103.0,0.06117569620858103,impeller 3,100,IMP,1
11.607724757103753,44.837,0.395,1.987,107.73,19.00117443087566,61.56851936984559,1103.0,0.055914130704428425,impeller 3,100,IMP,1
16.878098663759523,44.837,0.395,1.987,107.73,20.25401999318452,58.27383254470876,1103.0,0.08897647653659439,loose foot motor,100,MECH,1
16.92259310998884,44.837,0.395,1.987,107.73,20.16741831638278,60.66513712238573,1103.0,0.08519356730596919,loose foot motor,100,MECH,1
17.05476201954075,44.837,0.395,1.987,107.73,20.2046391813908,58.67524664507023,1103.0,0.08072509072595842,loose foot motor,100,MECH,1
16.81346436262306,44.837,0.395,1.987,107.73,20.219764850353698,61.14373258891693,1103.0,0.07977045203510125,loose foot motor,100,MECH,1
17.003334582699154,44.837,0.395,1.987,107.73,20.20530333830282,59.58000281276225,1103.0,0.0635406977083147,loose foot motor,100,MECH,1
18.00694177648727,44.837,0.395,1.987,107.73,20.167928804540388,59.395615035143344,1103.0,0.06832787709545253,loose foot pump,100,MECH,1
17.68621015937287,44.837,0.395,1.987,107.73,20.14013910009974,59.66186535506032,1103.0,0.06479548963297066,loose foot pump,100,MECH,1
17.718526530550335,44.837,0.395,1.987,107.73,20.168971288909784,61.31672901158306,1103.0,0.07364590621456586,loose foot pump,100,MECH,1
17.544657734430587,44.837,0.395,1.987,107.73,20.14791244048288,59.95506665670637,1103.0,0.060003586296401276,loose foot pump,100,MECH,1
17.585949391681698,44.837,0.395,1.987,107.73,20.15808549180064,59.759631035775705,1103.0,0.06121659169482677,loose foot pump,100,MECH,1
16.536394720544006,44.837,0.395,1.987,107.73,20.17646160196902,61.37156875538656,1103.0,0.07953019780422088,new motor,100,NORMAL,0
16.009354324446242,44.837,0.395,1.987,107.73,20.177429226398385,60.83223576537026,1103.0,0.06754912178330087,new motor,100,NORMAL,0
13.298209512785334,44.837,0.395,1.987,107.73,20.312310777418446,59.802600798423256,1103.0,0.06728881118796824,soft foot 1,100,MECH,1
13.413447889356096,44.837,0.395,1.987,107.73,20.249553561192865,61.113688577844975,1103.0,0.06634769085064385,soft foot 1,100,MECH,1
13.596447172980085,44.837,0.395,1.987,107.73,20.24549385846675,60.87420410322548,1103.0,0.07847605271629557,soft foot 1,100,MECH,1
13.492424883609033,44.837,0.395,1.987,107.73,20.285339325343884,58.34912753496157,1103.0,0.08130621495306742,soft foot 1,100,MECH,1
13.442007937046526,44.837,0.395,1.987,107.73,20.216488337017157,61.09905083738639,1103.0,0.06166204871024854,soft foot 1,100,MECH,1
17.88004155805356,44.837,0.395,1.987,107.73,20.348701241147023,58.852715130629406,1103.0,0.07433220256341537,soft foot 2,100,MECH,1
17.87454187338211,44.837,0.395,1.987,107.73,20.303379401367803,58.82900696375412,1103.0,0.07695542958263143,soft foot 2,100,MECH,1
18.207697014871123,44.837,0.395,1.987,107.73,20.216559694174187,59.59731800509297,1103.0,0.06529141612455831,soft foot 2,100,MECH,1
18.168030909875952,44.837,0.395,1.987,107.73,20.24434044089655,60.699514053126386,1103.0,0.08619207006037148,soft foot 2,100,MECH,1
17.985870844194388,44.837,0.395,1.987,107.73,20.18051835376008,61.343091850731305,1103.0,0.06868186952428458,soft foot 2,100,MECH,1
20.860351304482244,44.837,0.395,1.987,107.73,20.14683471566713,62.19410961224569,1103.0,0.05904254405765194,stator short 1,100,MOT,1
20.65451388153858,44.837,0.395,1.987,107.73,20.20932444720224,60.507815134820916,1103.0,0.0681175291175275,stator short 1,100,MOT,1
20.18516928566096,44.837,0.395,1.987,107.73,20.30222218603033,61.87420419575916,1103.0,0.07521023441560354,stator short 1,100,MOT,1
20.256614369300795,44.837,0.395,1.987,107.73,20.2440503925514,61.867237851186246,1103.0,0.0633054033513327,stator short 1,100,MOT,1
20.348561957950682,44.837,0.395,1.987,107.73,20.267701389145287,59.56447698952163,1103.0,0.061124474232927814,stator short 1,100,MOT,1
12.484004296442722,44.837,0.395,1.987,107.73,13.79222553839017,85.12565268117288,1103.0,0.376983639915442,bearing bpfi 1,75,ROL,1
12.613951673225674,44.837,0.395,1.987,107.73,13.781526476620648,99.13953022503918,1103.0,0.3654164261981327,bearing bpfi 1,75,ROL,1
12.580060297704712,44.837,0.395,1.987,107.73,13.790342992114057,97.64296304311642,1103.0,0.34331131696441575,bearing bpfi 1,75,ROL,1
12.570969804128223,44.837,0.395,1.987,107.73,13.795302489570703,89.7612821170595,1103.0,0.38797577152790536,bearing bpfi 1,75,ROL,1
12.57444589528029,44.837,0.395,1.987,107.73,13.776325443772446,75.79450040696919,1103.0,0.21798576776133807,bearing bpfi 1,75,ROL,1
12.961998594224081,44.837,0.395,1.987,107.73,13.796049429117453,94.76625379998566,1103.0,0.2502982782369896,bearing bpfi 1,75,ROL,1
15.92913925563793,44.837,0.395,1.987,107.73,13.74534435138735,83.75023656314966,1103.0,0.3652481649590861,bearing bpfi 2,75,ROL,1
15.992554065630435,44.837,0.395,1.987,107.73,13.735686865932923,78.53417826925161,1103.0,0.4265895988405823,bearing bpfi 2,75,ROL,1
15.90398049900561,44.837,0.395,1.987,107.73,13.715467507627237,97.29684348541764,1103.0,0.3553365998476906,bearing bpfi 2,75,ROL,1
15.75408037042215,44.837,0.395,1.987,107.73,13.74019417854452,78.64387105286248,1103.0,0.27040598088052475,bearing bpfi 2,75,ROL,1
15.873757419335497,44.837,0.395,1.987,107.73,13.727821215003202,84.77106187106827,1103.0,0.3999955119004659,bearing bpfi 2,75,ROL,1
15.844305573704993,44.837,0.395,1.987,107.73,13.705573160142452,87.86687028287793,1103.0,0.32951402743919167,bearing bpfi 2,75,ROL,1
17.67696425211705,44.837,0.395,1.987,107.73,13.738197225191419,68.16160679664017,1103.0,0.2635270587926755,bearing bpfi 3,75,ROL,1
17.839636249407555,44.837,0.395,1.987,107.73,13.73633789801086,82.83999147107475,1103.0,0.3700430103764659,bearing bpfi 3,75,ROL,1
17.872109625269164,44.837,0.395,1.987,107.73,13.726860705040473,83.3063589982776,1103.0,0.3983093242586937,bearing bpfi 3,75,ROL,1
17.79316915151373,44.837,0.395,1.987,107.73,13.72917859131809,95.50485992926333,1103.0,0.3005838367924165,bearing bpfi 3,75,ROL,1
17.870746161587995,44.837,0.395,1.987,107.73,13.724272856896768,96.33835509578861,1103.0,0.28772769835393613,bearing bpfi 3,75,ROL,1
18.56508868215211,44.837,0.395,1.987,107.73,13.706127113798981,97.25209643868752,1103.0,0.3973738766463872,bearing bpfi 3,75,ROL,1
16.205734820118114,44.837,0.395,1.987,107.73,13.817359109242183,82.76811616698244,1103.0,0.24378675072012596,bearing bpfo 1,75,ROL,1
16.120288814528365,44.837,0.395,1.987,107.73,13.817427904564367,80.22658182779847,1103.0,0.43896910219072793,bearing bpfo 1,75,ROL,1
16.066244533482642,44.837,0.395,1.987,107.73,13.814384389125362,84.11562557238102,1103.0,0.29326901726585125,bearing bpfo 1,75,ROL,1
15.982309698352058,44.837,0.395,1.987,107.73,13.807546115380942,85.67473945967933,1103.0,0.2974839616605941,bearing bpfo 1,75,ROL,1
11.978820365529193,44.837,0.395,1.987,107.73,13.786524798249754,85.19770849619901,1103.0,0.25973586477094424,bearing bpfo 2,75,ROL,1
13.238955675198119,102.46185554660988,0.395,1.987,107.73,13.8311280935984,108.4275324190628,1103.0,0.340533351590328,bearing bpfo 2,75,ROL,1
11.866082945517322,44.837,0.395,1.987,107.73,13.771388168220387,73.3071422439855,1103.0,0.4377136482544345,bearing bpfo 2,75,ROL,1
11.928506814792122,44.837,0.395,1.987,107.73,13.752771900432784,104.45539551440115,1103.0,0.5439173006633659,bearing bpfo 2,75,ROL,1
12.098728677417684,44.837,0.395,1.987,107.73,13.754742790874907,99.07284414413238,1103.0,0.31889080701293776,bearing bpfo 2,75,ROL,1
12.139694880373826,44.837,0.395,1.987,107.73,13.765743834080613,88.52900021275127,1103.0,0.4114661559582599,bearing bpfo 2,75,ROL,1
12.210052034747044,44.837,0.395,1.987,107.73,13.766780763627503,83.16880900730598,1103.0,0.36558285907737914,bearing bpfo 2,75,ROL,1
13.874321340961462,44.837,0.395,1.987,107.73,13.807562498254388,85.93704991615239,1103.0,0.398516742265932,bearing bpfo 3,75,ROL,1
13.83072149694723,44.837,0.395,1.987,107.73,13.79840601578688,88.00996892976084,1103.0,0.33955828020454987,bearing bpfo 3,75,ROL,1
13.790908160674165,44.837,0.395,1.987,107.73,13.790599190427477,75.96714297920823,1103.0,0.3122063170730805,bearing bpfo 3,75,ROL,1
13.753244371298916,44.837,0.395,1.987,107.73,13.79773318933724,91.11023047961618,1103.0,0.3948660055368097,bearing bpfo 3,75,ROL,1
13.780432849274778,44.837,0.395,1.987,107.73,13.783935010020782,86.08510539256079,1103.0,0.3222685240594401,bearing bpfo 3,75,ROL,1
14.055216320239532,44.837,0.395,1.987,107.73,13.775788456694812,94.54052141263864,1103.0,0.24624946049652424,bearing bpfo 3,75,ROL,1
14.108360398968788,44.837,0.395,1.987,107.73,13.761509222549165,89.83987744892043,1103.0,0.4261301937135076,bearing bpfo 3,75,ROL,1
15.213938312147711,44.837,0.395,1.987,107.73,13.741174296498507,82.40725112215287,1103.0,0.27219052640791436,bearing bsf,75,ROL,1
15.29240123020587,44.837,0.395,1.987,107.73,13.754766282434037,88.81616477361723,1103.0,0.3174741636226929,bearing bsf,75,ROL,1
15.021772071444971,44.837,0.395,1.987,107.73,13.743734150204924,85.47692303825906,1103.0,0.41160223342829677,bearing bsf,75,ROL,1
15.172798712140505,44.837,0.395,1.987,107.73,13.741090910844758,72.77864292715653,1103.0,0.3078694551271812,bearing bsf,75,ROL,1
15.43814831814969,44.837,0.395,1.987,107.73,13.757126219456977,90.44907406066181,1103.0,0.34865936085915616,bearing bsf,75,ROL,1
14.457276546341955,44.837,0.395,1.987,107.73,13.799211015375214,77.18496940524491,1103.0,0.4090350857281725,bearing contaminated,75,ROL,1
14.381065017948366,44.837,0.395,1.987,107.73,13.790709482478835,81.83034680130989,1103.0,0.32205483327842055,bearing contaminated,75,ROL,1
14.572821798829334,44.837,0.395,1.987,107.73,13.784595987156854,89.61983723362809,1103.0,0.36978260630616205,bearing contaminated,75,ROL,1
14.285530168194715,44.837,0.395,1.987,107.73,13.78382045291232,85.6246830562233,1103.0,0.47492360588063476,bearing contaminated,75,ROL,1
14.875328351999924,44.837,0.395,1.987,107.73,13.784607451505671,83.5342914507692,1103.0,0.2717581606809728,bearing contaminated,75,ROL,1
15.00044658658808,44.837,0.395,1.987,107.73,13.912525526183073,86.84897756410632,1103.0,0.31882090083674053,bearing pump 1,75,ROL,1
14.95305016267066,44.837,0.395,1.987,107.73,13.908228464159093,89.05288067569853,1103.0,0.35301989955624136,bearing pump 1,75,ROL,1
15.005191842493254,44.837,0.395,1.987,107.73,13.86225075283317,82.08526997137511,1103.0,0.436064779531538,bearing pump 1,75,ROL,1
14.936986466266614,44.837,0.395,1.987,107.73,13.863661546427231,85.23908611882392,1103.0,0.3825824282551483,bearing pump 1,75,ROL,1
14.979640649935561,44.837,0.395,1.987,107.73,13.840083214633259,80.01966607413428,1103.0,0.22307334841475226,bearing pump 1,75,ROL,1
15.400151449942168,44.837,0.395,1.987,107.73,13.836889283957614,107.31469079313881,1103.0,0.35936615420129137,bearing pump 2,75,ROL,1
15.427491142658837,44.837,0.395,1.987,107.73,13.827740906962278,84.1766568572052,1103.0,0.2943845231047594,bearing pump 2,75,ROL,1
15.396813024701975,44.837,0.395,1.987,107.73,13.814145851625335,84.31222780716463,1103.0,0.40045110098771125,bearing pump 2,75,ROL,1
15.372888353428488,44.837,0.395,1.987,107.73,13.852264128713415,96.190240906745,1103.0,0.4135569735253057,bearing pump 2,75,ROL,1
15.41653539266308,44.837,0.395,1.987,107.73,13.825680720200317,86.22009000509155,1103.0,0.3007383172309234,bearing pump 2,75,ROL,1
15.901420814973381,44.837,0.395,1.987,107.73,13.837526447894867,82.16642854716281,1103.0,0.3375168080997881,bearing pump 3,75,ROL,1
15.926526985652728,44.837,0.395,1.987,107.73,13.872238768477413,78.27722336559214,1103.0,0.27847905961265995,bearing pump 3,75,ROL,1
15.92263696899803,44.837,0.395,1.987,107.73,13.851053899594282,97.99655699125586,1103.0,0.3987049197438504,bearing pump 3,75,ROL,1
15.86316884915932,44.837,0.395,1.987,107.73,13.817361543474423,91.52577672731348,1103.0,0.33572132105428143,bearing pump 3,75,ROL,1
15.87646390076349,44.837,0.395,1.987,107.73,13.840400970400882,89.11882818663724,1103.0,0.26519374255816364,bearing pump 3,75,ROL,1
21.40726253087945,44.837,0.395,1.987,107.73,13.796743280381627,89.98998631643703,1103.0,0.2848194944605595,broken rotor bar,75,MOT,1
21.394682926749965,44.837,0.395,1.987,107.73,13.804234988290109,112.18359614243606,1103.0,0.2795631118284042,broken rotor bar,75,MOT,1
21.358899733422852,44.837,0.395,1.987,107.73,13.780223836588359,106.40888062301798,1103.0,0.39561226932322857,broken rotor bar,75,MOT,1
21.496162850133793,44.837,0.395,1.987,107.73,13.801433834680743,96.60457031672544,1103.0,0.34479122220241215,broken rotor bar,75,MOT,1
21.44830256206365,44.837,0.395,1.987,107.73,13.79201970101928,88.94581550723962,1103.0,0.3240727862679573,broken rotor bar,75,MOT,1
10.722526901477767,44.837,0.395,1.987,107.73,13.847134341060093,262.4169912958862,1103.0,0.4042365240369905,healthy 1,75,NORMAL,0
10.78978492533211,44.837,0.395,1.987,107.73,13.877562390228608,137.62805017671866,1103.0,0.6228328454614488,healthy 1,75,NORMAL,0
10.890418047971028,44.837,0.395,1.987,107.73,13.856019408020547,156.36298660172812,1103.0,0.8610030046153873,healthy 1,75,NORMAL,0
10.825943694343517,44.837,0.395,1.987,107.73,13.847134464596843,164.24605771876034,1103.0,0.3227514113265205,healthy 1,75,NORMAL,0
10.831634254257432,44.837,0.395,1.987,107.73,13.847396325431449,226.7742888584375,1103.0,0.28564403862410553,healthy 1,75,NORMAL,0
10.691451812389584,44.837,0.395,1.987,107.73,13.827533816651549,222.87006451747604,1103.0,0.33648579494651654,healthy 1,75,NORMAL,0
10.610283486183265,44.837,0.395,1.987,107.73,13.851006956268966,162.92360154245165,1103.0,0.31488711939949643,healthy 1,75,NORMAL,0
10.638652312016577,44.837,0.395,1.987,107.73,13.857722917823972,183.72466031357155,1103.0,0.8150894494392648,healthy 1,75,NORMAL,0
10.528429479202499,44.837,0.395,1.987,107.73,13.80914384538756,195.89301657098073,1103.0,0.7716118490425972,healthy 1,75,NORMAL,0
10.59242812246595,44.837,0.395,1.987,107.73,13.843022228235627,122.5020141650721,1103.0,0.5647579543788552,healthy 1,75,NORMAL,0
10.62118028844297,44.837,0.395,1.987,107.73,13.803422159758755,148.07505887937498,1103.0,0.24089234834977988,healthy 1,75,NORMAL,0
10.578152805390395,44.837,0.395,1.987,107.73,13.848031850484293,171.972716877106,1103.0,0.20527251287566928,healthy 1,75,NORMAL,0
10.624195289149565,44.837,0.395,1.987,107.73,13.810563043941947,182.60367355659582,1103.0,0.5261405076688692,healthy 1,75,NORMAL,0
10.548677220826075,44.837,0.395,1.987,107.73,13.825250116293727,169.30035742383976,1103.0,0.5134264850401192,healthy 1,75,NORMAL,0
10.590703012822733,44.837,0.395,1.987,107.73,13.807527395029176,192.60250649543084,1103.0,1.2985840071235217,healthy 1,75,NORMAL,0
10.61869217279824,44.837,0.395,1.987,107.73,13.801044185118933,193.69881564271378,1103.0,0.2658987791811326,healthy 1,75,NORMAL,0
10.623465543541432,44.837,0.395,1.987,107.73,13.829656101813649,178.86888125959248,1103.0,0.4999912347093647,healthy 1,75,NORMAL,0
10.62171690600195,44.837,0.395,1.987,107.73,13.789816390547184,147.34605845270377,1103.0,0.22943477017405264,healthy 1,75,NORMAL,0
10.620498185412716,44.837,0.395,1.987,107.73,13.79842307566378,142.4337712846407,1103.0,0.3814773978707365,healthy 1,75,NORMAL,0
10.635263633215168,44.837,0.395,1.987,107.73,13.828020944681732,155.77262956023958,1103.0,0.41501870148757997,healthy 1,75,NORMAL,0
10.717852337305104,44.837,0.395,1.987,107.73,13.802997284736673,261.5245280419138,1103.0,7.437592423922133,healthy 1,75,NORMAL,0
10.713418489733767,44.837,0.395,1.987,107.73,13.793937404841511,214.6438200093897,1103.0,0.5347440469609587,healthy 1,75,NORMAL,0
10.746849611113097,44.837,0.395,1.987,107.73,13.81269658653313,179.35514514484115,1103.0,0.30523959135088696,healthy 1,75,NORMAL,0
10.66535116754584,44.837,0.395,1.987,107.73,13.768100716654397,247.46011160761756,1103.0,0.38129977967975415,healthy 1,75,NORMAL,0
10.657231420814181,44.837,0.395,1.987,107.73,13.786868371051987,209.21470937779705,1103.0,0.3644614543686798,healthy 1,75,NORMAL,0
10.724046496356648,44.837,0.395,1.987,107.73,13.796593933269413,163.79820956265206,1103.0,0.517424517307671,healthy 1,75,NORMAL,0
10.706270709957638,44.837,0.395,1.987,107.73,13.757147313613627,139.81674589013323,1103.0,0.41104679644638303,healthy 1,75,NORMAL,0
10.790389257891789,44.837,0.395,1.987,107.73,13.801218900016169,148.2642753689501,1103.0,0.7772820493493899,healthy 1,75,NORMAL,0
10.685423286417159,44.837,0.395,1.987,107.73,13.821300389515116,137.70375466454536,1103.0,0.2662617340666444,healthy 1,75,NORMAL,0
10.712976349855685,44.837,0.395,1.987,107.73,13.80189080896211,235.79809669506557,1103.0,0.28187724522706403,healthy 1,75,NORMAL,0
11.906848983933402,44.837,0.395,1.987,107.73,13.540223817560353,97.5265941457725,1103.0,0.5118277505942438,healthy 2,75,NORMAL,0
11.8492773970102,44.837,0.395,1.987,107.73,13.651945288369454,183.04666214265583,1103.0,0.4807330352403947,healthy 2,75,NORMAL,0
11.80622450651087,44.837,0.395,1.987,107.73,13.628986631518877,186.98618070289928,1103.0,0.32713896041344637,healthy 2,75,NORMAL,0
11.924761651191872,44.837,0.395,1.987,107.73,13.648225532788175,173.860587137821,1103.0,0.3070536793669377,healthy 2,75,NORMAL,0
11.916722376639257,44.837,0.395,1.987,107.73,13.646102849228384,151.6999405064672,1103.0,0.9438702213017299,healthy 2,75,NORMAL,0
11.95115298915868,44.837,0.395,1.987,107.73,13.628111095905592,221.95328901834927,1103.0,0.6056141340866602,healthy 2,75,NORMAL,0
11.990956446965937,44.837,0.395,1.987,107.73,13.672494175803633,169.5101866310085,1103.0,0.362271670279457,healthy 2,75,NORMAL,0
11.971311939942064,44.837,0.395,1.987,107.73,13.667597619443434,210.93853795607015,1103.0,0.3093804719520001,healthy 2,75,NORMAL,0
12.047272462116423,44.837,0.395,1.987,107.73,13.726865392573638,292.76238921117545,1103.0,0.39476010594305116,healthy 2,75,NORMAL,0
12.094922177560044,44.837,0.395,1.987,107.73,13.686526329693272,242.6540856322016,1103.0,0.3195697850469398,healthy 2,75,NORMAL,0
12.041248418506896,44.837,0.395,1.987,107.73,13.69092821406574,148.71451276265827,1103.0,0.3851969858913692,healthy 2,75,NORMAL,0
12.127000901923507,44.837,0.395,1.987,107.73,13.657793144323191,132.66627459107983,1103.0,0.6913216975083618,healthy 2,75,NORMAL,0
12.099463336800598,44.837,0.395,1.987,107.73,13.654589516762096,154.92327093875514,1103.0,0.43053779376239937,healthy 2,75,NORMAL,0
12.14175254331361,44.837,0.395,1.987,107.73,13.691240707231787,189.9062439285344,1103.0,0.3363735453061663,healthy 2,75,NORMAL,0
12.178155540002637,44.837,0.395,1.987,107.73,13.699074681466653,202.63053982321557,1103.0,0.2913370842103231,healthy 2,75,NORMAL,0
12.207731925484172,44.837,0.395,1.987,107.73,13.758051187292208,252.8727229913697,1103.0,0.44874477304216337,healthy 2,75,NORMAL,0
12.267555233784286,44.837,0.395,1.987,107.73,13.688492139857987,209.12737239490102,1103.0,0.6804542297902354,healthy 2,75,NORMAL,0
12.268993162535036,44.837,0.395,1.987,107.73,13.713698571553842,188.55025756668795,1103.0,1.3975201887172988,healthy 2,75,NORMAL,0
12.185349496869165,44.837,0.395,1.987,107.73,13.689239993334473,158.5870817192194,1103.0,0.3243923623679345,healthy 2,75,NORMAL,0
12.242017589827864,44.837,0.395,1.987,107.73,13.69208949646284,226.03067864955608,1103.0,0.35248423686443564,healthy 2,75,NORMAL,0
12.225670462958592,44.837,0.395,1.987,107.73,13.700070792723698,127.58406909070447,1103.0,0.3094040751621851,healthy 2,75,NORMAL,0
12.143913890790344,44.837,0.395,1.987,107.73,13.696123836053694,206.1758676996292,1103.0,0.6784251519136962,healthy 2,75,NORMAL,0
12.05353117452749,44.837,0.395,1.987,107.73,13.715591086885297,212.6013831057001,1103.0,0.946074603753836,healthy 2,75,NORMAL,0
12.09219348235218,44.837,0.395,1.987,107.73,13.706320661684208,201.6992438565948,1103.0,0.9405511932143225,healthy 2,75,NORMAL,0
12.236286770915074,44.837,0.395,1.987,107.73,13.66984188856852,222.0585489008491,1103.0,0.292903555669965,healthy 2,75,NORMAL,0
12.180684675444226,44.837,0.395,1.987,107.73,13.689168490266484,212.9428182528261,1103.0,0.28909538901276594,healthy 2,75,NORMAL,0
12.212010519623382,44.837,0.395,1.987,107.73,13.68442326113433,159.98024826802717,1103.0,0.2801001141715078,healthy 2,75,NORMAL,0
12.335360666380502,44.837,0.395,1.987,107.73,13.660617783071332,196.29311979815833,1103.0,1.2155513036825203,healthy 2,75,NORMAL,0
12.339030572368756,44.837,0.395,1.987,107.73,13.679329580447504,195.14593979123308,1103.0,0.5087806557365917,healthy 2,75,NORMAL,0
12.23876832002142,44.837,0.395,1.987,107.73,13.698110431883881,160.99640956564087,1103.0,0.5336754353585296,healthy 2,75,NORMAL,0
19.059346919658783,44.837,0.395,1.987,107.73,13.51714477793584,117.68683241439949,1103.0,0.28708498941931293,healthy 3,75,NORMAL,0
18.177908529166555,44.837,0.395,1.987,107.73,13.538474699938947,115.77574425728123,1103.0,0.25648196862265493,healthy 3,75,NORMAL,0
18.784674856199636,44.837,0.395,1.987,107.73,13.4974174579329,134.3764350928345,1103.0,0.2910039290301232,healthy 3,75,NORMAL,0
18.999743107067083,44.837,0.395,1.987,107.73,13.533297185100091,126.74966626333128,1103.0,0.29414918212257923,healthy 3,75,NORMAL,0
18.5019427186928,44.837,0.395,1.987,107.73,13.510276538743025,133.46128647912104,1103.0,0.36036858253406473,healthy 3,75,NORMAL,0
18.670405339840837,44.837,0.395,1.987,107.73,13.503032577212032,136.2420932452548,1103.0,0.3078227298252164,healthy 3,75,NORMAL,0
18.642426509460254,44.837,0.395,1.987,107.73,13.50189567059109,111.467353573709,1103.0,0.38674887035936323,healthy 3,75,NORMAL,0
18.699275387987488,44.837,0.395,1.987,107.73,13.52172419312261,90.1294117514367,1103.0,0.3654247076947195,healthy 3,75,NORMAL,0
18.63384220855254,44.837,0.395,1.987,107.73,13.502945230818499,134.35387262871274,1103.0,0.3707050455416962,healthy 3,75,NORMAL,0
18.68232881436395,44.837,0.395,1.987,107.73,13.516263203822186,121.63238224387561,1103.0,0.13790669485151671,healthy 3,75,NORMAL,0
18.64573238754782,44.837,0.395,1.987,107.73,13.524713682047258,90.90162913626014,1103.0,0.39678277960527536,healthy 3,75,NORMAL,0
18.64846751468691,44.837,0.395,1.987,107.73,13.515925251309401,64.59354756274983,1103.0,0.3522850763528332,healthy 3,75,NORMAL,0
18.622927967343344,44.837,0.395,1.987,107.73,13.532588072718879,91.04787204800564,1103.0,0.3857117591063327,healthy 3,75,NORMAL,0
18.614753023549326,44.837,0.395,1.987,107.73,13.53243825011127,117.33663545002631,1103.0,0.27359543524729185,healthy 3,75,NORMAL,0
18.573672066547747,44.837,0.395,1.987,107.73,13.542622089157168,140.12920983073798,1103.0,0.2828805882443202,healthy 3,75,NORMAL,0
18.55500367077672,44.837,0.395,1.987,107.73,13.528690833193746,131.54222636529244,1103.0,0.2770638686331282,healthy 3,75,NORMAL,0
18.49380203938662,44.837,0.395,1.987,107.73,13.536969998864295,109.34018886535898,1103.0,0.16558751812160802,healthy 3,75,NORMAL,0
18.467726607007304,44.837,0.395,1.987,107.73,13.533465351456638,88.09467935631618,1103.0,0.5506039873536068,healthy 3,75,NORMAL,0
18.52126222357897,44.837,0.395,1.987,107.73,13.532803218079588,124.91342696580776,1103.0,0.34023326103832124,healthy 3,75,NORMAL,0
18.549072874095053,44.837,0.395,1.987,107.73,13.545196564743568,101.39110401376276,1103.0,0.32707244240232874,healthy 3,75,NORMAL,0
18.404580915317908,44.837,0.395,1.987,107.73,13.524960655658433,80.02453127780079,1103.0,0.17442265472052293,healthy 3,75,NORMAL,0
18.44664048940644,44.837,0.395,1.987,107.73,13.522437679703351,85.28828354895086,1103.0,0.35565978884943233,healthy 3,75,NORMAL,0
18.50184258981484,44.837,0.395,1.987,107.73,13.524969065840121,103.54934056368737,1103.0,0.5197044315878221,healthy 3,75,NORMAL,0
18.521062607791603,44.837,0.395,1.987,107.73,13.535203000061783,71.28013599434239,1103.0,0.3716920094530588,healthy 3,75,NORMAL,0
18.52530951898203,44.837,0.395,1.987,107.73,13.524791196269218,89.12161233084115,1103.0,0.2595504820339299,healthy 3,75,NORMAL,0
18.512027818895238,44.837,0.395,1.987,107.73,13.529724658787321,124.10720936865624,1103.0,0.21706497517367612,healthy 3,75,NORMAL,0
18.78399073204045,44.837,0.395,1.987,107.73,13.536311053254611,138.70694359326933,1103.0,0.3702703794415113,healthy 3,75,NORMAL,0
18.952273595637475,44.837,0.395,1.987,107.73,13.561117243370806,126.86720588751385,1103.0,0.21833431535599476,healthy 3,75,NORMAL,0
19.002866237554503,44.837,0.395,1.987,107.73,13.72023512268558,91.9490637241799,1103.0,0.3476527543769744,healthy noise,75,NORMAL,0
19.03518509354649,44.837,0.395,1.987,107.73,13.71105166618743,77.10622299724702,1103.0,0.45623886838522054,healthy noise,75,NORMAL,0
19.00939341510289,44.837,0.395,1.987,107.73,13.733604647725423,80.31444139939774,1103.0,0.25094157257790656,healthy noise,75,NORMAL,0
19.04820581822194,44.837,0.395,1.987,107.73,13.70310078540483,75.61370565937402,1103.0,0.4092658900734346,healthy noise,75,NORMAL,0
18.941025437853675,44.837,0.395,1.987,107.73,13.73561675018066,74.91980639251246,1103.0,0.40793514890693283,healthy noise,75,NORMAL,0
11.600022942937786,44.837,0.395,1.987,107.73,13.501956342816612,88.38906998007161,1103.0,0.2973423323948208,impeller 1,75,IMP,1
11.64987372640439,44.837,0.395,1.987,107.73,13.49513303727998,98.19910876707405,1103.0,0.40937271417657445,impeller 1,75,IMP,1
11.638304969390212,44.837,0.395,1.987,107.73,13.509760156206863,82.98521245502604,1103.0,0.4017602493758807,impeller 1,75,IMP,1
11.563209991615798,44.837,0.395,1.987,107.73,13.274707384879557,93.95220180972157,1103.0,0.2953922103891731,impeller 2,75,IMP,1
11.561839172620864,44.837,0.395,1.987,107.73,13.270471072214455,84.54832585740081,1103.0,0.307208704649241,impeller 2,75,IMP,1
11.600851878181553,44.837,0.395,1.987,107.73,13.253430885901283,82.61042552516267,1103.0,0.39181728142900124,impeller 2,75,IMP,1
11.57663659032494,44.837,0.395,1.987,107.73,13.259609236921705,85.4172069260928,1103.0,0.4021209697645738,impeller 2,75,IMP,1
11.131439873776097,44.837,0.395,1.987,107.73,13.01645496087142,86.32450811365347,1103.0,0.3866212791425908,impeller 3,75,IMP,1
11.159484601510494,44.837,0.395,1.987,107.73,13.058383769385616,91.30499104746352,1103.0,0.37930459646595643,impeller 3,75,IMP,1
11.14129270578027,44.837,0.395,1.987,107.73,13.046915364849353,80.51642876092502,1103.0,0.2848614566376388,impeller 3,75,IMP,1
11.152208592012222,44.837,0.395,1.987,107.73,13.026701541819406,88.0589249976714,1103.0,0.4438837124557227,impeller 3,75,IMP,1
14.446156271261847,44.837,0.395,1.987,107.73,13.72852917810914,87.56052532607615,1103.0,0.3801059220333387,loose foot motor,75,MECH,1
14.449992867611622,44.837,0.395,1.987,107.73,13.74825145230037,107.60660158005504,1103.0,0.3954465595828244,loose foot motor,75,MECH,1
14.526758503943938,44.837,0.395,1.987,107.73,13.739129768201828,99.07821550983273,1103.0,0.38369828829090735,loose foot motor,75,MECH,1
14.58517921209484,44.837,0.395,1.987,107.73,13.750829400267927,95.39257246985545,1103.0,0.42715057432079256,loose foot motor,75,MECH,1
14.426390316972801,44.837,0.395,1.987,107.73,13.729513822634608,89.54559707268483,1103.0,0.33731808617237213,loose foot motor,75,MECH,1
13.436174702735316,44.837,0.395,1.987,107.73,13.748371097574472,82.99716210640946,1103.0,0.3777583844225316,loose foot pump,75,MECH,1
13.517334437083218,44.837,0.395,1.987,107.73,13.753721989842553,80.58999550359115,1103.0,0.34425283629746123,loose foot pump,75,MECH,1
13.486095287154644,44.837,0.395,1.987,107.73,13.744356023520075,81.26651811694828,1103.0,0.41985978904098425,loose foot pump,75,MECH,1
13.389764292316336,44.837,0.395,1.987,107.73,13.74419917796223,97.78605080853097,1103.0,0.3254779084249465,loose foot pump,75,MECH,1
13.480171530632965,44.837,0.395,1.987,107.73,13.750413582297648,79.83590809249158,1103.0,0.2507775851108761,loose foot pump,75,MECH,1
10.812213374740441,44.837,0.395,1.987,107.73,13.832855991728943,92.73173510302327,1103.0,0.2994046464967907,new motor,75,NORMAL,0
10.798057386463853,44.837,0.395,1.987,107.73,13.799083141244344,90.60937272918864,1103.0,0.2827543328853006,new motor,75,NORMAL,0
10.845338448231635,44.837,0.395,1.987,107.73,13.813403431501488,91.8076561710484,1103.0,0.3696392443107549,new motor,75,NORMAL,0
10.85573867291881,44.837,0.395,1.987,107.73,13.77117713616286,100.82309529966017,1103.0,0.3378121485354838,new motor,75,NORMAL,0
10.889047259259069,44.837,0.395,1.987,107.73,13.747787666870838,96.50062500967195,1103.0,0.4240020202139448,new motor,75,NORMAL,0
14.073441106297954,44.837,0.395,1.987,107.73,13.796037246076217,98.22166199555065,1103.0,0.3075739858583109,soft foot 1,75,MECH,1
14.055886666451,44.837,0.395,1.987,107.73,13.788381025870175,73.98185318630057,1103.0,0.35518578439461057,soft foot 1,75,MECH,1
14.010079449211487,44.837,0.395,1.987,107.73,13.780033751662838,87.30548117221164,1103.0,0.33715709481299505,soft foot 1,75,MECH,1
14.083687267444361,44.837,0.395,1.987,107.73,13.765913043552993,76.62527107597275,1103.0,0.23988917523899958,soft foot 1,75,MECH,1
14.042380998287346,44.837,0.395,1.987,107.73,13.782029754028757,97.0385413172591,1103.0,0.2519353352076794,soft foot 1,75,MECH,1
14.84943982545004,44.837,0.395,1.987,107.73,13.782649803093323,69.01837965014182,1103.0,0.4643408107567666,soft foot 2,75,MECH,1
14.83689763535096,44.837,0.395,1.987,107.73,13.744014691831762,63.32781804547836,1103.0,0.319286758231147,soft foot 2,75,MECH,1
14.760532235350915,44.837,0.395,1.987,107.73,13.770951894911015,92.76478664671288,1103.0,0.2840838067432858,soft foot 2,75,MECH,1
14.803162180294205,44.837,0.395,1.987,107.73,13.767487663014164,107.0960144551301,1103.0,0.4168136146144595,soft foot 2,75,MECH,1
14.832911002533887,44.837,0.395,1.987,107.73,13.766574964627642,83.68762413688188,1103.0,0.3447907510202056,soft foot 2,75,MECH,1
12.432424032153971,44.837,0.395,1.987,107.73,13.82225978134985,92.11490643240839,1103.0,0.40726306928810907,stator short 1,75,MOT,1
12.380007362674581,44.837,0.395,1.987,107.73,13.80921043341525,94.50512126637373,1103.0,0.27220620400955364,stator short 1,75,MOT,1
12.147285543431051,44.837,0.395,1.987,107.73,13.80258808162082,100.73017279498941,1103.0,0.3895649514312302,stator short 1,75,MOT,1
12.247969873800304,44.837,0.395,1.987,107.73,13.809933774302392,95.56603679790221,1103.0,0.3786899476417576,stator short 1,75,MOT,1
12.251409340451525,44.837,0.395,1.987,107.73,13.836419266738515,76.17068067940771,1103.0,0.3434367989638121,stator short 1,75,MOT,1
11.078210868833974,44.837,0.395,1.987,107.73,13.9477492519977,92.94028847318823,1103.0,0.33196380562865757,stator short 2,75,MOT,1
11.013133642431116,44.837,0.395,1.987,107.73,13.911171798256664,83.91498653377434,1103.0,0.3175038880401056,stator short 2,75,MOT,1
11.737722372971463,44.837,0.395,1.987,107.73,13.913593856173609,89.99810661747131,1103.0,0.3060255457023794,stator short 2,75,MOT,1
11.777884060849834,44.837,0.395,1.987,107.73,13.938876705922006,76.43328441611852,1103.0,0.48919546131793756,stator short 2,75,MOT,1
11.797853610399764,44.837,0.395,1.987,107.73,13.94848695378369,85.29445069682855,1103.0,0.30879929342269935,stator short 2,75,MOT,1
10.7341613008112,44.837,0.395,1.987,107.73,8.616668406665474,259.0973785177399,1103.0,0.6987108543423719,bearing bpfi 1,50,ROL,1
10.651948491491561,44.837,0.395,1.987,107.73,8.617863344512728,255.58776929879306,1103.0,0.6038640373862827,bearing bpfi 1,50,ROL,1
10.621384758370535,44.837,0.395,1.987,107.73,8.621375511631488,203.90728663845834,1103.0,0.6656207988135341,bearing bpfi 1,50,ROL,1
10.597425372942487,44.837,0.395,1.987,107.73,8.638943857311567,137.17302772978562,1103.0,1.2083665640888583,bearing bpfi 1,50,ROL,1
10.548074487663103,44.837,0.395,1.987,107.73,8.612676357761513,234.67319433114588,1103.0,1.0337099984437115,bearing bpfi 1,50,ROL,1
9.865637204850179,44.837,0.395,1.987,107.73,8.616412749331728,146.82253584512233,1103.0,2.242744692659739,bearing bpfi 1,50,ROL,1
11.513844900053446,44.837,0.395,1.987,107.73,8.56589549203248,214.64262628596893,1103.0,1.0806830950875745,bearing bpfi 2,50,ROL,1
11.494851948304625,44.837,0.395,1.987,107.73,8.581741259883827,126.2498144101439,1103.0,2.1850834219673447,bearing bpfi 2,50,ROL,1
11.493743072316361,44.837,0.395,1.987,107.73,8.575778313641923,265.7783781604333,1103.0,0.7119866431037338,bearing bpfi 2,50,ROL,1
11.4932145702566,44.837,0.395,1.987,107.73,8.582907748253788,243.30251834708707,1103.0,0.36352748593324286,bearing bpfi 2,50,ROL,1
11.485677483804162,44.837,0.395,1.987,107.73,8.577809591749123,143.35611158382773,1103.0,0.8676094035784261,bearing bpfi 2,50,ROL,1
11.19878123593467,44.837,0.395,1.987,107.73,8.566381458754844,178.2352122580128,1103.0,0.8932600012873857,bearing bpfi 2,50,ROL,1
0.61,44.837,0.395,1.987,107.73,8.600849924925084,136.71520025764676,1103.0,0.9187544700838168,bearing bpfi 3,50,ROL,1
0.61,44.837,0.395,1.987,107.73,8.586283938779216,211.51415121545372,1103.0,1.3446878772573085,bearing bpfi 3,50,ROL,1
0.61,44.837,0.395,1.987,107.73,8.595091667117455,253.76127341032128,1103.0,1.4757898924944366,bearing bpfi 3,50,ROL,1
0.61,44.837,0.395,1.987,107.73,8.589571655780018,126.0862426614583,1103.0,1.8374906930316628,bearing bpfi 3,50,ROL,1
0.61,44.837,0.395,1.987,107.73,8.601176045939155,251.11506523978971,1103.0,0.5408070307172753,bearing bpfi 3,50,ROL,1
0.61,44.837,0.395,1.987,107.73,8.589348414656861,208.45867652932432,1103.0,0.648904270914831,bearing bpfi 3,50,ROL,1
8.578506618369934,44.837,0.395,1.987,107.73,8.606332126866725,128.29790508561072,1103.0,1.0155850224629521,bearing bpfo 1,50,ROL,1
8.535099577476895,44.837,0.395,1.987,107.73,8.60460554808997,248.82997834245748,1103.0,1.0295918819101793,bearing bpfo 1,50,ROL,1
8.53660365132237,44.837,0.395,1.987,107.73,8.606450388126946,201.84414487060974,1103.0,1.82030926595075,bearing bpfo 1,50,ROL,1
8.538238431695177,44.837,0.395,1.987,107.73,8.591695446375962,160.97507358074623,1103.0,1.3494525927859367,bearing bpfo 1,50,ROL,1
8.550906670513566,44.837,0.395,1.987,107.73,8.584965933140785,165.386909228795,1103.0,1.7092372612195863,bearing bpfo 2,50,ROL,1
9.014765627448822,44.837,0.395,1.987,107.73,8.59089485725048,270.4332282631953,1103.0,0.6484709329815761,bearing bpfo 2,50,ROL,1
9.01725629836443,44.837,0.395,1.987,107.73,8.577603981371162,185.34394228372102,1103.0,0.768938829378909,bearing bpfo 2,50,ROL,1
8.260649789621898,44.837,0.395,1.987,107.73,8.591379770156719,192.81539652885985,1103.0,0.6513682168287748,bearing bpfo 2,50,ROL,1
8.267367285898773,44.837,0.395,1.987,107.73,8.588442179220282,260.1184434034637,1103.0,0.41378221861316605,bearing bpfo 2,50,ROL,1
8.376397256296881,44.837,0.395,1.987,107.73,8.594205460917614,158.0724125923205,1103.0,0.7961917518261196,bearing bpfo 2,50,ROL,1
8.377053390127397,44.837,0.395,1.987,107.73,8.592144059728716,236.09841091569402,1103.0,1.089636805228069,bearing bpfo 2,50,ROL,1
9.514611389890911,44.837,0.395,1.987,107.73,8.585182818202592,114.3534857974436,1103.0,1.6620680329702806,bearing bpfo 3,50,ROL,1
9.514158616041003,44.837,0.395,1.987,107.73,8.57690142162645,231.91104585633627,1103.0,0.4938561933987717,bearing bpfo 3,50,ROL,1
9.802688205470627,44.837,0.395,1.987,107.73,8.587838214941934,192.4491654984201,1103.0,0.6965051046617186,bearing bpfo 3,50,ROL,1
9.86599206179109,44.837,0.395,1.987,107.73,8.59334636550713,153.36813013019034,1103.0,0.6692591641471399,bearing bpfo 3,50,ROL,1
9.85584780489274,44.837,0.395,1.987,107.73,8.586962846293329,217.76165046103853,1103.0,0.39217297133072326,bearing bpfo 3,50,ROL,1
9.889555910778059,44.837,0.395,1.987,107.73,8.601884426162298,161.3744261623064,1103.0,0.8890821380774162,bearing bpfo 3,50,ROL,1
9.849483514663739,44.837,0.395,1.987,107.73,8.595241560008887,177.1595480598864,1103.0,1.2734435112644695,bearing bpfo 3,50,ROL,1
9.708530170730496,44.837,0.395,1.987,107.73,8.550496368686021,242.5320256385116,1103.0,1.2369198139239916,bearing bsf,50,ROL,1
9.820508574636976,44.837,0.395,1.987,107.73,8.557407724724674,167.82542323038484,1103.0,2.6841681835953035,bearing bsf,50,ROL,1
9.700332331425734,44.837,0.395,1.987,107.73,8.554167304641851,306.06786136340713,1103.0,0.8649680511224728,bearing bsf,50,ROL,1
9.79567370135695,44.837,0.395,1.987,107.73,8.562677063239272,205.18328934681628,1103.0,0.7369765007618208,bearing bsf,50,ROL,1
9.762340303078165,44.837,0.395,1.987,107.73,8.565854346068761,175.031194726568,1103.0,0.7685969800064881,bearing bsf,50,ROL,1
9.796411317443084,44.837,0.395,1.987,107.73,8.591059995460968,209.6620182930226,1103.0,0.627014518094737,bearing contaminated,50,ROL,1
9.923375146102043,44.837,0.395,1.987,107.73,8.59351690845791,278.53667144668947,1103.0,0.5069647756710915,bearing contaminated,50,ROL,1
9.912297958256406,44.837,0.395,1.987,107.73,8.620923472218884,138.88939653139425,1103.0,0.9209679245002881,bearing contaminated,50,ROL,1
9.879895818315502,44.837,0.395,1.987,107.73,8.626759094854297,238.33216826436524,1103.0,0.9347483694395028,bearing contaminated,50,ROL,1
9.650320366139274,44.837,0.395,1.987,107.73,8.602059105714696,244.99310847065405,1103.0,1.2756810147272772,bearing contaminated,50,ROL,1
8.383862876955163,44.837,0.395,1.987,107.73,8.641307442513195,189.2448959701256,1103.0,2.2045918941310156,bearing pump 1,50,ROL,1
8.391520825715181,44.837,0.395,1.987,107.73,8.620651297171593,162.1017287670152,1103.0,1.2790991070394508,bearing pump 1,50,ROL,1
8.389928120029577,44.837,0.395,1.987,107.73,8.645821978213043,282.4208592044254,1103.0,0.7623042577995498,bearing pump 1,50,ROL,1
8.390655900183408,44.837,0.395,1.987,107.73,8.64014519106193,174.03036152472197,1103.0,0.854007382225961,bearing pump 1,50,ROL,1
8.390560039148053,44.837,0.395,1.987,107.73,8.642475495167021,200.9145295820824,1103.0,0.6416244017854232,bearing pump 1,50,ROL,1
8.490927805155424,44.837,0.395,1.987,107.73,8.677462037684075,250.952283422308,1103.0,0.6570713157621623,bearing pump 2,50,ROL,1
8.495050838734088,44.837,0.395,1.987,107.73,8.677012445198924,214.4173179950734,1103.0,0.7314070020026553,bearing pump 2,50,ROL,1
8.89251693298038,44.837,0.395,1.987,107.73,8.733413202005266,147.12515538612527,1103.0,0.7339369252457626,bearing pump 2,50,ROL,1
8.960599444901643,44.837,0.395,1.987,107.73,8.699144569679934,242.31737896030734,1103.0,0.3393554855683032,bearing pump 2,50,ROL,1
8.974881455428136,44.837,0.395,1.987,107.73,8.717311667274371,149.3275992933294,1103.0,0.7301359733139743,bearing pump 2,50,ROL,1
8.25225187040004,44.837,0.395,1.987,107.73,8.674935173063105,120.71010455634126,1103.0,1.7467654450743348,bearing pump 3,50,ROL,1
8.252515377028276,44.837,0.395,1.987,107.73,8.667909296002916,211.19693452180212,1103.0,0.5745975903716748,bearing pump 3,50,ROL,1
8.256139495766645,44.837,0.395,1.987,107.73,8.668137155570932,224.24357533947125,1103.0,0.6976093135521297,bearing pump 3,50,ROL,1
8.248174195151815,44.837,0.395,1.987,107.73,8.682620822045195,133.56814125648626,1103.0,0.7173431257879849,bearing pump 3,50,ROL,1
8.26068093427333,44.837,0.395,1.987,107.73,8.668506919437991,251.84034317057362,1103.0,0.4959909948950983,bearing pump 3,50,ROL,1
14.691485555572486,44.837,0.395,1.987,107.73,8.607875906252739,201.6731582041595,1103.0,0.7982347647923641,broken rotor bar,50,MOT,1
13.626052280646428,44.837,0.395,1.987,107.73,8.614945766252706,161.17552433611695,1103.0,1.1154799713337769,broken rotor bar,50,MOT,1
13.543686338056157,44.837,0.395,1.987,107.73,8.617457671581324,246.32922511752062,1103.0,1.0196216106222102,broken rotor bar,50,MOT,1
13.535741859324432,44.837,0.395,1.987,107.73,8.623426487044092,155.28751378164966,1103.0,1.7168496686150876,broken rotor bar,50,MOT,1
13.766657669520683,44.837,0.395,1.987,107.73,8.62662880761044,202.2068726286003,1103.0,0.8436698709172936,broken rotor bar,50,MOT,1
6.670077469656489,44.837,0.395,1.987,107.73,8.63293989689012,147.33390420529489,1103.0,1.4625315992357437,healthy 1,50,NORMAL,0
6.656945352065449,44.837,0.395,1.987,107.73,8.627574476696244,145.12117163876934,1103.0,1.0911008743550252,healthy 1,50,NORMAL,0
6.666420177568708,44.837,0.395,1.987,107.73,8.618934368114312,206.0973528138097,1103.0,0.737310518770973,healthy 1,50,NORMAL,0
6.668277073703918,44.837,0.395,1.987,107.73,8.63561725985233,111.70262741208634,1103.0,1.0436195177536158,healthy 1,50,NORMAL,0
6.641213282091674,44.837,0.395,1.987,107.73,8.633240034525821,189.14140546839835,1103.0,0.5745292035550917,healthy 1,50,NORMAL,0
6.619042520412412,44.837,0.395,1.987,107.73,8.625076763271721,240.20802090328175,1103.0,0.6257171227198761,healthy 1,50,NORMAL,0
6.611636949996974,44.837,0.395,1.987,107.73,8.635898571491131,125.39937449303497,1103.0,1.1935535758368199,healthy 1,50,NORMAL,0
6.603779870833863,44.837,0.395,1.987,107.73,8.637371098690817,212.69566154298656,1103.0,0.5898380867958932,healthy 1,50,NORMAL,0
6.600043210582595,44.837,0.395,1.987,107.73,8.621306226610015,146.82325625965922,1103.0,0.8212268847013504,healthy 1,50,NORMAL,0
6.602833854348604,44.837,0.395,1.987,107.73,8.631797778641749,150.3115832616376,1103.0,0.7299811360813495,healthy 1,50,NORMAL,0
6.5951837689059305,44.837,0.395,1.987,107.73,8.620137726666071,215.4462820361532,1103.0,0.5817435047971392,healthy 1,50,NORMAL,0
6.572067808827054,44.837,0.395,1.987,107.73,8.642110050301621,111.7433960163154,1103.0,1.1001547448621851,healthy 1,50,NORMAL,0
6.571577331244189,44.837,0.395,1.987,107.73,8.622719063737335,189.8446158975247,1103.0,1.9039662387131115,healthy 1,50,NORMAL,0
6.567635922989841,44.837,0.395,1.987,107.73,8.638967399218721,213.97848094781168,1103.0,1.3994777897284516,healthy 1,50,NORMAL,0
6.558764743447936,44.837,0.395,1.987,107.73,8.642187030944001,177.16957947131834,1103.0,1.1945972073774507,healthy 1,50,NORMAL,0
6.557093227418884,44.837,0.395,1.987,107.73,8.63147979353688,101.81509153419915,1103.0,1.4053908518165554,healthy 1,50,NORMAL,0
6.552000044474679,44.837,0.395,1.987,107.73,8.629626900684151,144.70402328391984,1103.0,1.1715208095431673,healthy 1,50,NORMAL,0
6.554947707949556,44.837,0.395,1.987,107.73,8.636858595139248,230.5673915821415,1103.0,0.6009613093986333,healthy 1,50,NORMAL,0
6.548564940918672,44.837,0.395,1.987,107.73,8.638946952963288,131.23254282208683,1103.0,0.7493200694942992,healthy 1,50,NORMAL,0
6.546071334473403,44.837,0.395,1.987,107.73,8.645601550797045,169.5013734773802,1103.0,0.713827137133692,healthy 1,50,NORMAL,0
6.530554334657331,44.837,0.395,1.987,107.73,8.630170256769965,225.10147984486807,1103.0,0.6156970023276983,healthy 1,50,NORMAL,0
6.5361983824353125,44.837,0.395,1.987,107.73,8.626387477726427,104.91467163777004,1103.0,1.027691580008371,healthy 1,50,NORMAL,0
6.531644739338974,44.837,0.395,1.987,107.73,8.63498008334579,190.58307681688086,1103.0,1.4351819077380563,healthy 1,50,NORMAL,0
6.532058018772472,44.837,0.395,1.987,107.73,8.634308582381816,213.1598812145471,1103.0,1.3638581562092147,healthy 1,50,NORMAL,0
6.5197094092044185,44.837,0.395,1.987,107.73,8.631581276762438,90.52212572602936,1103.0,1.4850889501505717,healthy 1,50,NORMAL,0
6.589556136315165,44.837,0.395,1.987,107.73,8.631260584036808,217.67354830119882,1103.0,0.4551620933807213,healthy 1,50,NORMAL,0
6.637890512840224,44.837,0.395,1.987,107.73,8.623950243236962,189.7792944944196,1103.0,0.8671567315118759,healthy 1,50,NORMAL,0
6.609855009374952,44.837,0.395,1.987,107.73,8.632091010778113,118.26677257494205,1103.0,0.8016675438749625,healthy 1,50,NORMAL,0
6.627476770085614,44.837,0.395,1.987,107.73,8.63564668735667,230.83681301861571,1103.0,0.45209932392530394,healthy 1,50,NORMAL,0
6.622588451143947,44.837,0.395,1.987,107.73,8.638190494693752,153.11816379973908,1103.0,0.8809172116869671,healthy 1,50,NORMAL,0
8.907368204612034,44.837,0.395,1.987,107.73,8.73198727468223,3202.760783442904,1103.0,1.0429370411184937,healthy 2,50,NORMAL,0
8.915240236843541,44.837,0.395,1.987,107.73,8.701350796313546,752.1634973286962,1103.0,0.8690381069803941,healthy 2,50,NORMAL,0
8.912390133429327,44.837,0.395,1.987,107.73,8.703457999367314,1934.7922337005118,1103.0,1.3931621473708178,healthy 2,50,NORMAL,0
8.92377935265358,44.837,0.395,1.987,107.73,8.69673007265997,425.53438982071015,1103.0,1.5227324495759111,healthy 2,50,NORMAL,0
8.94701652280585,44.837,0.395,1.987,107.73,8.684015912135804,250.82842461581205,1103.0,1.7278445663736228,healthy 2,50,NORMAL,0
8.89287820197731,44.837,0.395,1.987,107.73,8.689986164531598,233.99986131167705,1103.0,1.3631065765554333,healthy 2,50,NORMAL,0
8.884427352132624,44.837,0.395,1.987,107.73,8.662586934386665,335.2806711462401,1103.0,1.1117714257842422,healthy 2,50,NORMAL,0
8.885307877156814,44.837,0.395,1.987,107.73,8.668292847966345,293.581412743324,1103.0,0.7440696857352161,healthy 2,50,NORMAL,0
8.881285153378268,44.837,0.395,1.987,107.73,8.672369308709758,2899.3220586471584,1103.0,0.9955743527799813,healthy 2,50,NORMAL,0
8.893408082986438,44.837,0.395,1.987,107.73,8.668937483658613,904.0245207699927,1103.0,0.9803103662373647,healthy 2,50,NORMAL,0
8.904611351316936,44.837,0.395,1.987,107.73,8.664955995223302,585.8049981592577,1103.0,1.1881169032825054,healthy 2,50,NORMAL,0
8.906803627445921,44.837,0.395,1.987,107.73,8.655565077287832,448.7393960055503,1103.0,1.4275999870610179,healthy 2,50,NORMAL,0
8.905100701178547,44.837,0.395,1.987,107.73,8.66380970660398,411.397357106537,1103.0,1.7496694061331397,healthy 2,50,NORMAL,0
8.906027041094232,44.837,0.395,1.987,107.73,8.651841125326778,222.56509281831262,1103.0,1.5433241547612708,healthy 2,50,NORMAL,0
8.92938411968794,44.837,0.395,1.987,107.73,8.657869852762119,232.23431140407496,1103.0,1.2384952029003156,healthy 2,50,NORMAL,0
8.953984619628251,44.837,0.395,1.987,107.73,8.645168405286205,409.3763380630889,1103.0,0.9467307530557252,healthy 2,50,NORMAL,0
8.967167994640304,44.837,0.395,1.987,107.73,8.644134366204923,217.26736200407217,1103.0,0.6581502719845115,healthy 2,50,NORMAL,0
8.95153280040838,44.837,0.395,1.987,107.73,8.645708144241146,326.40606101452164,1103.0,0.9313936557042337,healthy 2,50,NORMAL,0
8.954671080647293,44.837,0.395,1.987,107.73,8.632115628794732,855.5401931951008,1103.0,0.792471689106059,healthy 2,50,NORMAL,0
8.974294076305156,44.837,0.395,1.987,107.73,8.628614449228579,525.2719307609367,1103.0,0.814519881960161,healthy 2,50,NORMAL,0
8.957975832303196,44.837,0.395,1.987,107.73,8.65110022109931,288.54075345325094,1103.0,1.6033059328659678,healthy 2,50,NORMAL,0
8.942526300185712,44.837,0.395,1.987,107.73,8.651355633691335,365.0900467551264,1103.0,2.253216048075118,healthy 2,50,NORMAL,0
8.953100081063523,44.837,0.395,1.987,107.73,8.628084566352106,326.00445280795043,1103.0,3.1994717459681037,healthy 2,50,NORMAL,0
8.962390343130291,44.837,0.395,1.987,107.73,8.654619728710356,244.02725836214194,1103.0,1.6267855766415669,healthy 2,50,NORMAL,0
8.96033644865576,44.837,0.395,1.987,107.73,8.660994914422385,529.5375065478994,1103.0,0.9692878281754134,healthy 2,50,NORMAL,0
8.971643414757605,44.837,0.395,1.987,107.73,8.665671988957296,241.15648398851084,1103.0,0.5932321671018753,healthy 2,50,NORMAL,0
8.951778992783847,44.837,0.395,1.987,107.73,8.643901301157209,428.1326016775572,1103.0,0.6380689817016976,healthy 2,50,NORMAL,0
8.94599516546177,44.837,0.395,1.987,107.73,8.635005439778178,1300.256601927327,1103.0,0.8560363139899166,healthy 2,50,NORMAL,0
9.008214232341556,44.837,0.395,1.987,107.73,8.752429474700294,302.19279952588,1103.0,1.0479877603583323,healthy 2,50,NORMAL,0
8.975519800863362,44.837,0.395,1.987,107.73,8.733944993336184,340.75628294567855,1103.0,0.9498742675811213,healthy 2,50,NORMAL,0
9.630276166266444,44.837,0.395,1.987,107.73,8.647084672399737,217.7985411475319,1103.0,1.484028212345396,healthy 3,50,NORMAL,0
9.601417206246433,44.837,0.395,1.987,107.73,8.644811106884582,66.58353332581368,1103.0,0.9387136450807488,healthy 3,50,NORMAL,0
9.641152790432553,44.837,0.395,1.987,107.73,8.619597394715077,179.3217045597704,1103.0,0.6092709567845395,healthy 3,50,NORMAL,0
9.620602013459274,44.837,0.395,1.987,107.73,8.621755706990578,187.8447384894064,1103.0,0.5853116824625662,healthy 3,50,NORMAL,0
9.585707762776545,44.837,0.395,1.987,107.73,8.624725011016162,102.58378445456822,1103.0,0.47991292775572536,healthy 3,50,NORMAL,0
9.48236172530991,44.837,0.395,1.987,107.73,8.622557922257798,216.36505468026124,1103.0,0.4075869299581953,healthy 3,50,NORMAL,0
9.550888825844678,44.837,0.395,1.987,107.73,8.621159892404608,129.83963387632897,1103.0,0.5609024968464938,healthy 3,50,NORMAL,0
9.531412324712644,44.837,0.395,1.987,107.73,8.604734186096874,98.51512329257605,1103.0,0.7069201789681302,healthy 3,50,NORMAL,0
9.481594165724161,44.837,0.395,1.987,107.73,8.591343481213377,155.42227535903615,1103.0,0.7808680584028708,healthy 3,50,NORMAL,0
9.51725940843322,44.837,0.395,1.987,107.73,8.596071990690659,221.36919934987895,1103.0,0.9505898742265061,healthy 3,50,NORMAL,0
9.451628362986312,44.837,0.395,1.987,107.73,8.599872378152563,85.76565256171307,1103.0,1.0165331157951516,healthy 3,50,NORMAL,0
9.490394212905105,44.837,0.395,1.987,107.73,8.605776355865789,242.78524583751957,1103.0,0.5940349238466934,healthy 3,50,NORMAL,0
9.466985233037736,44.837,0.395,1.987,107.73,8.588228995552003,167.41278692745524,1103.0,0.4732559760841523,healthy 3,50,NORMAL,0
9.467502494459612,44.837,0.395,1.987,107.73,8.592786456404735,154.37381705762655,1103.0,0.5225911049261279,healthy 3,50,NORMAL,0
9.456662220072,44.837,0.395,1.987,107.73,8.588648457156816,125.56324590046515,1103.0,0.48256958206670825,healthy 3,50,NORMAL,0
9.982557570015384,44.837,0.395,1.987,107.73,8.592664297427692,150.91464319222123,1103.0,0.5009915139359628,healthy 3,50,NORMAL,0
9.979355273608366,44.837,0.395,1.987,107.73,8.580360142591339,190.9644423263944,1103.0,0.4571909715771347,healthy 3,50,NORMAL,0
10.024252710942042,44.837,0.395,1.987,107.73,8.579913058182969,83.80329774672289,1103.0,0.895666709432012,healthy 3,50,NORMAL,0
9.97727296341532,44.837,0.395,1.987,107.73,8.585112818074673,82.01543079104243,1103.0,0.9017317468994644,healthy 3,50,NORMAL,0
9.944982049401204,44.837,0.395,1.987,107.73,8.582080453643322,191.99191448391613,1103.0,0.877488472242334,healthy 3,50,NORMAL,0
9.96362900759891,44.837,0.395,1.987,107.73,8.586336803345782,163.65322336701558,1103.0,1.3305302745417023,healthy 3,50,NORMAL,0
9.902795524802363,44.837,0.395,1.987,107.73,8.592006791521698,136.47835576874397,1103.0,0.820806281279863,healthy 3,50,NORMAL,0
9.910942487037044,44.837,0.395,1.987,107.73,8.575444114241309,220.1104525488932,1103.0,0.42183490511205995,healthy 3,50,NORMAL,0
9.921946602692996,44.837,0.395,1.987,107.73,8.571741187844934,221.00754245206224,1103.0,0.4089003120625674,healthy 3,50,NORMAL,0
9.915072190832687,44.837,0.395,1.987,107.73,8.585609969889061,89.68478375504841,1103.0,0.39285816736560564,healthy 3,50,NORMAL,0
9.875189487781867,44.837,0.395,1.987,107.73,8.58663054314326,203.13542398353252,1103.0,0.5084907539653047,healthy 3,50,NORMAL,0
9.859057236158119,44.837,0.395,1.987,107.73,8.572472084953857,200.17586245268228,1103.0,0.38112139896149344,healthy 3,50,NORMAL,0
10.08987256645755,44.837,0.395,1.987,107.73,8.59124802490378,165.2414421309648,1103.0,0.5830936911619131,healthy 3,50,NORMAL,0
9.969374632166035,44.837,0.395,1.987,107.73,8.560583736474454,114.8795751475088,1103.0,1.0000338329965763,healthy 3,50,NORMAL,0
11.070883226603721,45.854443126833466,0.395,1.987,107.73,8.510198456661044,241.8835862842983,1103.0,0.541561216251378,healthy noise,50,NORMAL,0
10.945136050807653,44.837,0.395,1.987,107.73,8.487272740371846,136.13497439947125,1103.0,0.944282410173804,healthy noise,50,NORMAL,0
10.912632724590207,44.837,0.395,1.987,107.73,8.51435511061959,160.90595418259707,1103.0,1.3199192827769464,healthy noise,50,NORMAL,0
10.868803394973119,44.837,0.395,1.987,107.73,8.504160692093217,199.47105096519803,1103.0,1.222138252574441,healthy noise,50,NORMAL,0
10.718611573721518,44.837,0.395,1.987,107.73,8.49516781098246,114.8431529394956,1103.0,1.8495929917409912,healthy noise,50,NORMAL,0
8.815335616548424,44.837,0.395,1.987,107.73,8.464152648726142,174.30458041989598,1103.0,1.8010376903763783,impeller 1,50,IMP,1
8.805496515225393,44.837,0.395,1.987,107.73,8.474161789770166,311.21944052065004,1103.0,0.7598399881864145,impeller 1,50,IMP,1
8.7810602717276,44.837,0.395,1.987,107.73,8.48234243911028,198.62572181029321,1103.0,0.8710695219131809,impeller 1,50,IMP,1
7.938428933393493,44.837,0.395,1.987,107.73,8.39593648710715,221.66563110352044,1103.0,0.6692803765473789,impeller 2,50,IMP,1
7.950449032511704,44.837,0.395,1.987,107.73,8.396043300383251,276.48601154839025,1103.0,0.42351183253121377,impeller 2,50,IMP,1
7.948112522666888,44.837,0.395,1.987,107.73,8.386465877539445,149.70475605359962,1103.0,0.7601044389197745,impeller 2,50,IMP,1
7.919502137584204,44.837,0.395,1.987,107.73,8.394226834386352,255.62101170605615,1103.0,1.009305344036915,impeller 2,50,IMP,1
9.24474023167743,44.837,0.395,1.987,107.73,8.266168622665921,162.85755053460048,1103.0,2.4346026376368357,impeller 3,50,IMP,1
9.147288635521756,44.837,0.395,1.987,107.73,8.272901256277594,284.0463684357642,1103.0,0.7551101742441472,impeller 3,50,IMP,1
9.105662070723948,44.837,0.395,1.987,107.73,8.27840356278541,243.8982501156495,1103.0,0.8338818659050556,impeller 3,50,IMP,1
8.996692725231243,44.837,0.395,1.987,107.73,8.27786189239307,185.18327443681392,1103.0,0.6581749389519193,impeller 3,50,IMP,1
0.61,44.837,0.395,1.987,107.73,8.584866922292612,165.8222952851742,1103.0,0.8931778122187962,loose foot motor,50,MECH,1
0.61,44.837,0.395,1.987,107.73,8.635778595194099,169.32943423856074,1103.0,0.9360740002197133,loose foot motor,50,MECH,1
0.61,44.837,0.395,1.987,107.73,8.612155457533946,255.43183345495743,1103.0,1.177178013758654,loose foot motor,50,MECH,1
0.61,44.837,0.395,1.987,107.73,8.611419586601375,142.97741579002215,1103.0,2.661106925770438,loose foot motor,50,MECH,1
0.61,44.837,0.395,1.987,107.73,8.616643355150215,227.85739532086447,1103.0,0.5710120289377596,loose foot motor,50,MECH,1
11.603685455584817,44.837,0.395,1.987,107.73,8.551438065027737,138.641014317231,1103.0,1.6547845820542049,loose foot pump,50,MECH,1
11.584899044200013,44.837,0.395,1.987,107.73,8.547008834913013,258.6844695175273,1103.0,0.7723078847801976,loose foot pump,50,MECH,1
11.634602463671643,44.837,0.395,1.987,107.73,8.56328954788813,212.6986448968395,1103.0,0.8263663152180379,loose foot pump,50,MECH,1
11.795026252179643,44.837,0.395,1.987,107.73,8.560559226025443,168.99133438354795,1103.0,0.6412461028878945,loose foot pump,50,MECH,1
11.790203843067708,44.837,0.395,1.987,107.73,8.567251849493017,257.06056922108905,1103.0,0.37745273294959897,loose foot pump,50,MECH,1
9.534305928262919,44.837,0.395,1.987,107.73,8.609623129871634,162.2102040766232,1103.0,1.8530756653545297,new motor,50,NORMAL,0
9.528847852172932,44.837,0.395,1.987,107.73,8.61843280633599,313.36777865155324,1103.0,0.8380148910840628,new motor,50,NORMAL,0
9.549751300033954,44.837,0.395,1.987,107.73,8.61198129008782,220.04704730853854,1103.0,0.9584828259392061,new motor,50,NORMAL,0
9.519663953584013,44.837,0.395,1.987,107.73,8.616962496914732,204.85564401116633,1103.0,0.6952675379982998,new motor,50,NORMAL,0
9.50952574602586,44.837,0.395,1.987,107.73,8.622397498497806,259.80972477286286,1103.0,0.4357044240115662,new motor,50,NORMAL,0
14.086595954495278,44.837,0.395,1.987,107.73,8.600127833385637,200.62020916991787,1103.0,0.4862101644408786,soft foot 1,50,MECH,1
14.127165044168779,44.837,0.395,1.987,107.73,8.612728906132329,241.040011881189,1103.0,0.6457431118356699,soft foot 1,50,MECH,1
9.35329625125839,44.837,0.395,1.987,107.73,8.615229657023168,127.66804726771821,1103.0,0.9465379084135547,soft foot 1,50,MECH,1
9.35680346343443,44.837,0.395,1.987,107.73,8.641852109498714,283.6662975791229,1103.0,1.0776089897569014,soft foot 1,50,MECH,1
9.380062175037253,44.837,0.395,1.987,107.73,8.609345559452851,240.5919037294882,1103.0,2.039384506809663,soft foot 1,50,MECH,1
10.852215098370309,44.837,0.395,1.987,107.73,8.590566555121729,138.11271297626337,1103.0,2.6727487611085317,soft foot 2,50,MECH,1
10.777284702737347,44.837,0.395,1.987,107.73,8.572870600849715,271.0924310741729,1103.0,0.8505153103956721,soft foot 2,50,MECH,1
10.70160715632476,44.837,0.395,1.987,107.73,8.57097778109269,302.5303531952143,1103.0,0.9620769075076963,soft foot 2,50,MECH,1
10.641196173374842,44.837,0.395,1.987,107.73,8.571782143389497,156.42561238196714,1103.0,0.7430949142825811,soft foot 2,50,MECH,1
10.570893903224997,44.837,0.395,1.987,107.73,8.58007441258284,301.68953688795364,1103.0,0.4698851305301206,soft foot 2,50,MECH,1
8.63460293511207,44.837,0.395,1.987,107.73,8.610016292962758,288.8391541879597,1103.0,0.7251036893369998,stator short 1,50,MOT,1
8.668107854523875,44.837,0.395,1.987,107.73,8.624375552381037,280.9611119834567,1103.0,0.9513607131980781,stator short 1,50,MOT,1
8.699865787103713,44.837,0.395,1.987,107.73,8.621883368081296,264.4250493225115,1103.0,0.9717930554897942,stator short 1,50,MOT,1
8.686214455997765,44.837,0.395,1.987,107.73,8.63713797265708,172.6672539653003,1103.0,0.6861648327532762,stator short 1,50,MOT,1
8.707286800069557,44.837,0.395,1.987,107.73,8.620701191867584,244.7629818160141,1103.0,0.354146930577587,stator short 1,50,MOT,1
8.979622094747366,44.837,0.395,1.987,107.73,8.593410347184696,294.6272633439537,1103.0,0.7565809983251055,stator short 2,50,MOT,1
8.967634455551867,44.837,0.395,1.987,107.73,8.59174320161341,237.69438949360344,1103.0,0.8180767799255839,stator short 2,50,MOT,1
8.917908849583354,44.837,0.395,1.987,107.73,8.591604266611935,163.88028636221097,1103.0,0.7224566341984872,stator short 2,50,MOT,1
8.96300718633343,44.837,0.395,1.987,107.73,8.593526910547276,256.804617631847,1103.0,0.36354978107562735,stator short 2,50,MOT,1
8.980169040197168,44.837,0.395,1.987,107.73,8.591529240981107,164.10428527003944,1103.0,0.8151547302005615,stator short 2,50,MOT,1
